FileNo,BirdMamm,SpNo,SglMtp,Species,Bmass,logBm,NoBroods,MeanBS,MeanSires,MP,mean.q,sd.q,q2.5,q97.5,mean.nsires,sd.nsires,nsires2.5,nsires97.5,mean.nmates,sd.nmates,nmates2.5,nmates97.5,mean.estM,sd.estM,estM2.5,estM97.5,mean.est.pmult,sd.est.pmult,est.pmult2.5,est.pmult97.5,mean.avgR,sd.avgR,avgR2.5,avgR97.5,mean.avgM,sd.avgM,avgM2.5,avgM97.5,pred_pmult,pred_pmult_lcl,pred_pmult_ucl,resid_pmult,resid_pmult_lcl,resid_pmult_ucl
1,1,1,b,"acadian flycatcher, Empidonax virescens",,,12,2.4167,1.25,0.25,0.599072775,0.008401025,0.582550457,0.61551953,1.594615385,0.827118435,1,4,4.021439692,2.219342996,2,10,2.662329601,1.381577305,1.630333834,6.599858955,0.684784833,0.007434506,0.673788546,0.697227848,1.649298579,0.026334377,1.605728519,1.694325305,3.143916991,1.057999408,2.040067007,4.299500504,0.676886844,0.666938315,0.692504254,0.426886844,0.416938315,0.442504254
2,1,1,b,"acadian flycatcher, Empidonax virescens",,,53,2.5094,2.5161,0.58490566,0.599072775,0.008401025,0.582550457,0.61551953,1.594615385,0.827118435,1,4,4.021439692,2.219342996,2,10,2.662329601,1.381577305,1.630333834,6.599858955,0.684784833,0.007434506,0.673788546,0.697227848,1.649298579,0.026334377,1.605728519,1.694325305,3.143916991,1.057999408,2.040067007,4.299500504,0.683975371,0.67445158,0.698772611,0.099069711,0.08954592,0.113866951
3,1,2,a,"American golden plover, Pluvialis dominica",,,31,3.4516,1.1613,0.161290323,0.407104472,0.01466334,0.378478437,0.436036054,1.464516129,0.669881362,1,3,4.747061613,2.85943249,2,12,3.602077248,1.65382126,2.309019632,7.563423575,0.730980908,0.0015336,0.729907373,0.735379039,1.682327161,0.032307141,1.620157478,1.746963214,2.856272707,0.103192095,2.663289682,3.068313039,0.734415259,0.72658708,0.745602535,0.573124936,0.565296758,0.584312212
4,1,3,b,"apostlebird, Struthidea cinerea",,,15,2.3023,1.0429,0.042857143,0.505353512,0.007016095,0.491535578,0.519048281,1.372043011,0.623270198,1,3,3.895341398,2.167447945,2,9,2.715539962,1.234268781,1.930606688,5.972925502,0.680256884,0.01355248,0.66271131,0.694769646,1.533948952,0.084211389,1.436593636,1.636998805,2.021605797,0.050873525,1.934477362,2.11156547,0.666523641,0.655448089,0.683823932,0.623666498,0.612590946,0.640966789
5,1,3,b,"apostlebird, Struthidea cinerea",,,78,2.7333,1,0,0.505353512,0.007016095,0.491535578,0.519048281,1.372043011,0.623270198,1,3,3.895341398,2.167447945,2,9,2.715539962,1.234268781,1.930606688,5.972925502,0.680256884,0.01355248,0.66271131,0.694769646,1.533948952,0.084211389,1.436593636,1.636998805,2.021605797,0.050873525,1.934477362,2.11156547,0.699082472,0.690240867,0.712435375,0.699082472,0.690240867,0.712435375
6,1,4,a,"banded wren, Thryothorus pleurostictus",,,50,3.12,1.1,0.1,0.436013789,0.012080972,0.412152781,0.459282467,1.44,0.662117881,1,3,4.4693264,2.626561499,2,11,3.305192264,1.523103884,2.187357853,7.011522479,0.716519387,0.001392973,0.715464669,0.72037762,1.63421186,0.023301405,1.588712994,1.679608287,2.524799646,0.070211271,2.395040261,2.668913204,0.719382502,0.711359569,0.731847012,0.619382502,0.611359569,0.631847012
7,1,5,a,"barn owl, Tyto alba",,,95,4.7895,1.0211,0.021052632,0.314699372,0.00678808,0.301535301,0.328185928,1.522105263,0.756053358,1,4,5.901212316,3.986898707,2,16,4.838948625,2.40641026,3.061536514,12.11069555,0.765547657,0.00044557,0.765234108,0.766800988,1.802311085,0.022144429,1.759670721,1.84662233,3.246044375,0.070088169,3.111201748,3.386179428,0.776321568,0.768317624,0.78700706,0.755268936,0.747264992,0.765954429
8,1,6,a,"black coucal, Centropus grillii",,,35,3.6286,1.4,0.371428571,0.44336337,0.013759343,0.416612865,0.471040074,1.64,0.822261807,1,4,4.939016857,2.927869985,2,12,3.702563227,1.860841609,2.142046867,8.867739616,0.744376821,0.00428457,0.737723369,0.75434263,1.82708783,0.034511494,1.760873924,1.897383135,3.160724706,0.098192097,2.972146274,3.360433915,0.741627951,0.733859387,0.752335402,0.370199379,0.362430816,0.38090683
9,1,7,a,"black grouse, Tetrao tetrix",,,130,7.0833,1.0417,0.020833333,0.24286934,0.003166765,0.236561601,0.249125631,1.593617021,0.805188223,1,4,7.532409078,5.476605539,2,22,6.562739008,3.317265582,4.028105177,16.27574313,0.789782504,0.004393981,0.783908355,0.795427964,1.897195001,0.102805274,1.774044423,2.026091385,4.203935229,0.101835344,4.030998451,4.383793248,0.806472161,0.796267571,0.821088479,0.785638828,0.775434238,0.800255146
10,1,8,a,"black guillemot, Cepphus grylle",,,32,1.4375,1,0,0.663538686,0.019436321,0.62529425,0.701141281,1.20625,0.462288875,1,2,2.964235938,1.374183379,2,7,1.819470929,0.699654355,1.429818954,3.182116389,0.516748497,0.014549065,0.492594394,0.548809951,1.205871692,0.008879488,1.188783468,1.223450914,1.508369682,0.044373182,1.426246075,1.599247075,0.546519449,0.512005869,0.593461724,0.546519449,0.512005869,0.593461724
11,1,9,a,"black-browed reed-warbler, Acrocephalus bistrigiceps",,,37,3.7838,1.1351,0.135135135,0.39871241,0.01331695,0.372814995,0.425170328,1.489189189,0.724954443,1,3,4.882865946,3.028688849,2,13,3.739170836,1.825584619,2.368249864,7.861590334,0.742865558,0.001700584,0.741408379,0.747575362,1.766676812,0.0337217,1.70194782,1.834525599,2.850184666,0.095392697,2.669836205,3.044767918,0.747464188,0.739794807,0.757821888,0.612329053,0.604659672,0.622686753
12,1,10,a,"black-capped chickadee, Parus atricapillus",,,57,6.1579,1.4035,0.333333333,0.288941823,0.007653192,0.274234994,0.304256036,1.79122807,0.946050173,1,4,7.24061386,4.987169119,2,20,6.203620538,3.281759314,3.31721777,14.09864123,0.790584189,0.002830998,0.785926083,0.796925541,2.027801367,0.034959235,1.961176864,2.098322975,4.860819226,0.128835441,4.612920066,5.117905451,0.796385446,0.786887637,0.809860901,0.463052112,0.453554304,0.476527568
13,1,11,a,"black-crowned antshrike, Thamnophilus atrinucha",,,50,1.78,1.04,0.04,0.629582221,0.015229692,0.599642709,0.659116116,1.296,0.548073043,1,3,3.2553402,1.610184369,2,7,2.059715501,0.87273194,1.521416005,4.75053487,0.583832585,0.004077827,0.578404952,0.593736309,1.351493033,0.012332711,1.327642402,1.375806886,1.652858118,0.040086274,1.577870688,1.734366121,0.602508666,0.580537326,0.634026235,0.562508666,0.540537326,0.594026235
14,1,12,a,"black-legged kittiwake, Rissa tridactyla",,,86,1.3837,1,0,0.643092608,0.01183577,0.619932188,0.666439454,1.220930233,0.462580323,1,2,3.049525349,1.423362555,2,7,1.899173168,0.720522128,1.503123826,3.228728414,0.528028546,0.012178546,0.505531036,0.553269007,1.171465992,0.004552947,1.162675231,1.180569773,1.555513262,0.028661345,1.500511402,1.613079654,0.536724666,0.499865121,0.586517412,0.536724666,0.499865121,0.586517412
15,1,13,a,"blue tit, Parus caeruleus",,,14,6.2857,1.2143,0.285714286,0.220274471,0.004148627,0.212194456,0.22825498,1.796721311,0.962232282,1,4,9.072064262,6.747427887,2,27,8.159635061,4.373367766,4.407372348,18.41425848,0.813983095,0.019344934,0.790889547,0.838598967,2.06887107,0.318832903,1.722031743,2.440746854,5.897611898,0.398939963,5.349179565,6.482681017,0.797819481,0.788239074,0.811453056,0.512105195,0.502524788,0.52573877
16,1,14,a,"blue-black grassquits, Volatinia jacarina",,,11,1.8182,1.3636,0.363636364,0.606282204,0.030903981,0.545103338,0.665000413,1.318181818,0.64571087,1,3,3.375838182,1.844744779,2,8,2.179913415,1.075124376,1.511630262,5.230636125,0.598464443,0.012148218,0.586058073,0.630226977,1.35087867,0.025501315,1.302008674,1.400891699,2.255082843,0.116158134,2.050579725,2.501610737,0.608054074,0.587212405,0.638155948,0.24441771,0.223576042,0.274519584
17,1,15,a,"boreal owl, Aegolius funereus",,,32,3.4063,1,0,0.415332283,0.014875001,0.38674996,0.444819431,1.396875,0.633928513,1,3,4.500277813,2.706459465,2,12,3.367594847,1.534034516,2.261590307,7.37373474,0.729041333,0.001329102,0.728129167,0.732714781,1.685933881,0.032418936,1.624529505,1.751099969,2.410806154,0.086551599,2.248103232,2.585649913,0.732535123,0.724708666,0.743872593,0.732535123,0.724708666,0.743872593
18,1,16,a,"buff-breasted wrens, Thryothorus leucotis",,,31,1.7097,1.0323,0.032258065,0.602985876,0.018807965,0.565204226,0.639204867,1.280645161,0.509851012,1,3,3.302814839,1.619690976,2,7,2.125914729,0.84940071,1.570870781,4.811938821,0.586786373,0.010960094,0.56958984,0.612349112,1.298729457,0.0132016,1.27274257,1.324660702,1.713583661,0.053688537,1.614909581,1.826345268,0.591925815,0.567729053,0.626214107,0.55966775,0.535470989,0.593956042
19,1,17,a,"cactus finch, Geospiza scandens",,,66,2.4091,1.1667,0.151515152,0.527266299,0.012263301,0.503251119,0.550633496,1.356060606,0.597121623,1,3,3.758587121,2.031013777,2,9,2.573266107,1.134998173,1.821705755,5.721144046,0.668404672,0.001449716,0.667192582,0.672252031,1.520432518,0.016649368,1.488198503,1.552534665,2.2138714,0.051660403,2.118771696,2.318259461,0.676263389,0.666264692,0.691965421,0.524748238,0.514749541,0.54045027
20,1,18,a,"Campo Flicker, Colaptes campestris",,,33,2.7273,1.0303,0.03030303,0.460745726,0.015925561,0.429541714,0.491775111,1.372727273,0.610897459,1,3,4.135573939,2.373221226,2,10,2.982932895,1.3323042,2.044588893,6.589663415,0.697938884,0.00442862,0.692755604,0.709130559,1.543173603,0.025018597,1.494897958,1.592657861,2.238845882,0.077689559,2.095069489,2.398609954,0.698675607,0.689803495,0.712075688,0.668372577,0.659500464,0.681772658
21,1,19,a,"Cape pendulin tit, Anthoscopus minutus",,,13,3.2308,1.1538,0.153846154,0.455758011,0.023590036,0.409315198,0.501888395,1.546153846,0.765723065,1,3,4.61585,2.729890652,2,12,3.401635686,1.696204051,2.015791012,7.060021202,0.723953952,0.003972354,0.720688677,0.734787153,1.713085277,0.049609435,1.617651942,1.812177861,2.538534094,0.132243383,2.299009433,2.818967287,0.724831979,0.716961773,0.736831621,0.570985825,0.563115619,0.582985467
22,1,20,a,"Cherrie's tanager, Ramphocelus costaricensis",,,31,1.8,1.1333,0.133333333,0.579795815,0.018535215,0.543842893,0.6158921,1.312903226,0.575433694,1,3,3.451661935,1.798247881,2,8,2.266743814,0.99665591,1.629030219,5.183126309,0.606905706,0.010810986,0.589725774,0.631230378,1.321250578,0.014361922,1.293919064,1.349744802,1.956714152,0.062725659,1.840149165,2.083935173,0.60543107,0.584058425,0.636199241,0.472097737,0.450725092,0.502865908
23,1,21,a,"chestnut-sided warbler, Dendroica pensylvanica",,,33,2.8788,1.697,0.606060606,0.532716398,0.015858979,0.501581615,0.563799755,1.587878788,0.856263179,1,4,4.280561515,2.506060325,2,11,2.983366505,1.611951108,1.784657744,7.495886147,0.713117203,0.005313768,0.70463281,0.725050493,1.727094868,0.030168348,1.668766001,1.7870713,3.188330616,0.095074835,3.009880158,3.383237434,0.707540793,0.699168872,0.720328594,0.101480186,0.093108266,0.114267988
24,1,22,a,"Chilean swallow, Tachycineta meyeni",,,52,3.0962,1.1346,0.115384615,0.437487473,0.012041684,0.413700468,0.46131664,1.453846154,0.702868241,1,3,4.490421346,2.688049626,2,11,3.325693506,1.611042685,2.178528276,7.022803696,0.715433036,0.00143343,0.714281561,0.719482188,1.629026215,0.022977959,1.584175667,1.675017229,2.595448635,0.071554439,2.459515411,2.742601164,0.718161579,0.710093078,0.730715657,0.602776963,0.594708462,0.615331041
25,1,23,a,"comb-crested jacana, Irediparra gallinacea",,,10,3.5,1.1,0.1,0.402119202,0.027163932,0.349613081,0.456069507,1.35,0.589491601,1,3,4.481856,2.728678479,2,12,3.37269976,1.494012691,2.211998969,7.570874182,0.73511224,0.004989576,0.731745238,0.749066667,1.687140859,0.060897831,1.572549523,1.811209713,2.74812573,0.187668957,2.411913058,3.146335359,0.736397705,0.728571531,0.747436544,0.636397705,0.628571531,0.647436544
26,1,24,a,"common crossbill, Loxia curvirostra",,,34,2.8235,1,0,0.452828443,0.015545622,0.422376287,0.482932707,1.347058824,0.630235947,1,3,4.115922647,2.437403967,2,11,2.978286539,1.398025752,2.079543581,6.783039923,0.703164313,0.003839759,0.699018823,0.713016248,1.563724243,0.025730866,1.514062675,1.614284834,2.210955073,0.076218197,2.07068187,2.367557156,0.704579119,0.696079206,0.717476735,0.704579119,0.696079206,0.717476735
27,1,25,a,"common redstart, Phoenicurus phoenicurus",,,38,6.6579,1.1053,0.105263158,0.254962986,0.00853536,0.238378119,0.272034316,1.684210526,0.879750773,1,4,7.593673684,5.461757471,2,22,6.613127414,3.463444523,3.712791362,15.73974355,0.790754489,0.001886419,0.788655082,0.795616015,1.976254003,0.041432006,1.896551913,2.059950226,4.339864866,0.145662588,4.062954903,4.63659653,0.801918775,0.79207102,0.81601078,0.696655617,0.686807862,0.710747622
28,1,26,a,"common swift, Apus apus",,,42,2.0952,1.0952,0.0952381,0.55849969,0.015686151,0.527036504,0.588686915,1.321428571,0.600807352,1,3,3.548160476,1.909293439,2,9,2.367905814,1.07909771,1.704114534,5.421711622,0.637782181,0.004386045,0.632103158,0.648815281,1.427800417,0.01671634,1.394802416,1.460474664,1.962588602,0.055322881,1.860476372,2.07810671,0.644027595,0.629650186,0.665798488,0.5487895,0.534412091,0.570560392
29,1,28,a,"Cooper's hawk, Accipiter cooperii",,,44,3.1818,1.3409,0.340909091,0.495154793,0.013113021,0.470055603,0.521300896,1.65,0.839507527,1,4,4.628537727,2.660196358,2,11,3.334632512,1.699537327,1.933473523,8.057753382,0.728545061,0.004367175,0.721427142,0.738400981,1.777705847,0.028245253,1.724274134,1.834714337,2.709963061,0.071904134,2.572236308,2.852660585,0.722494958,0.714574616,0.734696821,0.381585867,0.373665525,0.39378773
30,1,29,a,"crimsom rosella, Platycercus elegans",,,42,4.4048,1,0,0.336560931,0.011108078,0.315185098,0.358754653,1.430952381,0.708784455,1,3,5.330919048,3.559769573,2,15,4.256322932,2.114084748,2.803460495,9.229365791,0.758306809,0.001022718,0.757589534,0.761234707,1.773732466,0.032880926,1.711193062,1.840149468,2.974468605,0.098236898,2.787420292,3.172738831,0.766972103,0.759361544,0.776976714,0.766972103,0.759361544,0.776976714
31,1,30,a,"crimson-breasted shrike, Laniarius atrococcineus",,,41,1.8049,1.2683,0.268292683,0.613980189,0.01634162,0.581844225,0.64580822,1.317073171,0.533695163,1,3,3.350493659,1.631586155,2,7,2.146662441,0.872047052,1.554156376,4.805579426,0.591866878,0.005394436,0.584218149,0.604794383,1.350626266,0.013389735,1.324755814,1.377155219,2.067156425,0.055144754,1.963884392,2.179780478,0.606137959,0.584909016,0.636725965,0.337845276,0.316616334,0.368433282
32,1,31,a,"dickcissel, Spiza americana",,,92,2.3696,1.3261,0.2826087,0.542168295,0.010156468,0.522087554,0.562032583,1.404347826,0.688083868,1,3,3.806507717,2.131144985,2,9,2.591153469,1.270732435,1.785411404,5.653823123,0.663864594,0.000645443,0.6634041,0.665698804,1.524137984,0.013625748,1.497467372,1.551053179,2.446754824,0.04589695,2.359448538,2.539970444,0.672876945,0.662566105,0.689076295,0.39026825,0.379957409,0.4064676
33,1,33,a,"Eastern bluebird, Sialia sialis",,,79,3.7381,1.0952,0.0952381,0.387999679,0.00541438,0.377225239,0.398558131,1.5535,0.769504893,1,3,5.1541774,3.216810306,2,13,4.004649584,1.984629874,2.517264459,7.922014755,0.743858315,0.003803558,0.739967054,0.748999762,1.758227388,0.035332806,1.704057088,1.814590093,3.007461333,0.188882472,2.759569463,3.265825013,0.745810227,0.738112549,0.75626609,0.650572132,0.642874454,0.661027994
34,1,34,a,"Eastern imperial eagle, Aquila heliaca",,,86,1.9302,1,0,0.566395152,0.011315172,0.544248618,0.589124185,1.273255814,0.533510655,1,3,3.407192093,1.76299094,2,8,2.248897222,0.943577881,1.701926712,5.225597123,0.621799316,0.005153224,0.612966764,0.633165642,1.365478638,0.010161353,1.345818789,1.386133701,1.766257179,0.035324263,1.697434983,1.837395572,0.623494553,0.605626804,0.649823897,0.623494553,0.605626804,0.649823897
35,1,35,a,"el oro parakeet, Pyrrhura orcesi",,,28,3.7143,1.1071,0.107142857,0.424190049,0.015555548,0.393486586,0.454845836,1.507142857,0.726994221,1,3,4.729839286,2.847308192,2,12,3.557787131,1.722307916,2.214641088,7.354220502,0.744268771,0.003837073,0.739300282,0.753643155,1.808705184,0.039512707,1.731869065,1.887714171,2.613540309,0.096243305,2.434105734,2.813673698,0.744928312,0.737215478,0.755437201,0.637785455,0.630072621,0.648294343
36,1,36,a,"elegant scops-owl, Otus elegans",,,108,1.8519,1.0093,0.009259259,0.57860871,0.010131492,0.558758157,0.598233372,1.260185185,0.51629735,1,3,3.33370787,1.693071493,2,8,2.178626068,0.893536058,1.673946489,5.116337235,0.610282657,0.005004951,0.601699521,0.62110478,1.342493382,0.008393274,1.326217162,1.358919503,1.744821759,0.030590939,1.687066129,1.806254184,0.612826428,0.592934392,0.641732308,0.603567168,0.583675133,0.632473048
37,1,37,a,"Eurasian linnet, Carduelis cannabina",,,22,4.8182,1.0909,0.090909091,0.304994639,0.014191904,0.277659443,0.332952447,1.472727273,0.716165341,1,3,5.885035455,4.024092169,2,16,4.83920971,2.366661144,3.027391707,10.33128628,0.767749185,0.002739805,0.765750926,0.775361011,1.7779416,0.046076216,1.690520353,1.870059677,3.584599785,0.167697835,3.276471159,3.928946473,0.776929666,0.768887557,0.787681406,0.686020575,0.677978466,0.696772315
38,1,38,a,"Eurasian reed-warbler, Acrocephalus scirpaceus",,,52,3.5769,1.1538,0.153846154,0.41251097,0.011082417,0.391108033,0.434290864,1.528846154,0.77653987,1,4,4.874231154,3.022624069,2,13,3.708873702,1.887152245,2.316379027,9.347401035,0.735410583,0.001056727,0.734542241,0.738346127,1.734436586,0.026079861,1.684599914,1.786223826,2.799149964,0.075304849,2.656851084,2.950198045,0.739537133,0.73173543,0.750368058,0.585690979,0.577889276,0.596521905
39,1,39,a,"Eurasian three-toed woodpecker, Picoides tridactylus",,,26,3.0769,1.0769,0.076923077,0.48891132,0.009582393,0.470472549,0.507965839,1.368367347,0.635689749,1,3,3.967143571,2.260740455,2,10,2.799880723,1.302123564,1.975360833,6.198073171,0.69637017,0.022528414,0.661880417,0.722271487,1.538446448,0.185059764,1.339146337,1.755310716,2.21380786,0.044622346,2.128965699,2.302294416,0.717199979,0.70909955,0.729809077,0.640276902,0.632176473,0.652886
40,1,40,b,"European nuthatch, Sitta europaea",,,32,5.875,1.375,0.375,0.327066418,0.011159524,0.305281227,0.34888117,1.803125,0.919573542,1,4,6.624296875,4.322824005,2,18,5.51945145,2.822809097,2.898188058,12.41517448,0.79970962,0.005973061,0.789086218,0.812208861,2.129656037,0.050238537,2.032693507,2.228877804,4.208940447,0.143830454,3.941169997,4.504043735,0.793162055,0.783830959,0.806285194,0.418162055,0.408830959,0.431285194
41,1,40,b,"field sparrow, Spizella pusilla",,,80,3.85,1.5,0.8,0.431158991,0.008770056,0.41358447,0.448207876,1.68875,0.836285552,1,4,5.155008875,3.052527606,2,13,3.918391814,1.942470192,2.244246132,9.145439146,0.753520512,0.003096202,0.747957811,0.760079106,1.873573466,0.023803312,1.826267672,1.920219952,3.480436845,0.070918179,3.346661407,3.626828639,0.749780057,0.74214905,0.760005899,-0.050219943,-0.05785095,-0.039994101
42,1,41,a,"golden whistlers, Pachycephala pectoralis",,,65,2,1.1385,0.123076923,0.587277394,0.012892326,0.562334419,0.612560231,1.313846154,0.579091355,1,3,3.427302,1.77945846,2,8,2.238260236,0.987998286,1.63707401,5.106274049,0.621576992,0.002657024,0.618143442,0.628080758,1.415824051,0.012928044,1.391144106,1.441504016,1.939476083,0.042601258,1.858529956,2.024527578,0.632482925,0.616207173,0.656753293,0.509406002,0.49313025,0.53367637
43,1,42,a,"golden-winged warblers & golden-winged X blue-winged, Vermivora chrysoptera x V. pinus",,,54,4.3704,1.7056,0.538461538,0.410902899,0.010294885,0.391007826,0.431622309,1.82962963,1.00030183,1,4,5.695484815,3.558334696,2,15,4.455501097,2.439249377,2.337775891,10.22544755,0.77516583,0.00482887,0.766550894,0.785533715,1.993328335,0.033223951,1.92973668,2.060815874,4.153408826,0.104087886,3.95154951,4.362002009,0.766017929,0.75842813,0.7759864,0.227556391,0.219966592,0.237524862
44,1,43,a,"great cormorant, Phalacrocorax carbo",,,30,4.1333,1.4333,0.3,0.41048996,0.013954976,0.383771924,0.437809872,1.643333333,0.834339532,1,4,5.204593667,3.193825788,2,13,4.007981348,2.040650736,2.303444721,9.670354388,0.762319382,0.005208359,0.753933759,0.773810464,1.912250851,0.041289392,1.83421769,1.994084927,3.495805232,0.119079414,3.273871663,3.734857197,0.758927706,0.751394518,0.76880751,0.458927706,0.451394518,0.46880751
45,1,44,a,great reed warbler,,,272,2.4982,1.0662,0.066176471,0.397116233,0.002136359,0.392962386,0.401319972,1.466874136,0.710576722,1,3,4.830142842,2.995860611,2,13,3.693922495,1.789529939,2.494272144,7.602536647,0.75291369,0.005899346,0.742090962,0.76080253,1.705131493,0.228866793,1.378868995,1.898469218,2.643079499,0.053323166,2.550719301,2.706909261,0.683162756,0.673602258,0.698042033,0.616986285,0.607425787,0.631865562
46,1,45,b,"great tit , Parus major",,,99,6.4681,1.617,0.553191489,0.241153224,0.001170061,0.238874162,0.243439639,1.782657658,0.945504377,1,4,8.343367703,6.050474636,2,24,7.392393901,3.921064405,4.114645173,16.63701811,0.801041805,0.015622697,0.786117369,0.825637744,2.046349798,0.185008826,1.839416151,2.321877197,5.590851805,0.541550368,5.154319307,6.739016858,0.798064683,0.788469607,0.811725397,0.490372375,0.4807773,0.504033089
47,1,45,b,"great tit , Parus major",,,13,6.3077,1.3077,0.307692308,0.241153224,0.001170061,0.238874162,0.243439639,1.782657658,0.945504377,1,4,8.343367703,6.050474636,2,24,7.392393901,3.921064405,4.114645173,16.63701811,0.801041805,0.015622697,0.786117369,0.825637744,2.046349798,0.185008826,1.839416151,2.321877197,5.590851805,0.541550368,5.154319307,6.739016858,0.799842125,0.790135787,0.813700568,0.246650636,0.236944297,0.260509079
48,1,45,b,"great tit , Parus major",,,47,6.7374,1.2626,0.252525253,0.241153224,0.001170061,0.238874162,0.243439639,1.782657658,0.945504377,1,4,8.343367703,6.050474636,2,24,7.392393901,3.921064405,4.114645173,16.63701811,0.801041805,0.015622697,0.786117369,0.825637744,2.046349798,0.185008826,1.839416151,2.321877197,5.590851805,0.541550368,5.154319307,6.739016858,0.8027799,0.792869723,0.816969678,0.550254647,0.540344471,0.564444425
49,1,46,b,"greater sage-grouse, Centrocercus urophasianus",,,191,6.3141,1.0737,0.073684211,0.242398165,0.002575747,0.237364425,0.24749196,1.650746269,0.85658814,1,4,7.775321542,5.668674092,2,23,6.810829854,3.535145683,4.052341668,16.4759008,0.79094545,0.004778691,0.785663597,0.796946868,1.935126565,0.084686792,1.832649074,2.041486258,4.69050774,0.265328867,4.353264971,5.039169975,0.798136499,0.788537096,0.811805168,0.724452289,0.714852886,0.738120957
50,1,46,b,"greater sage-grouse, Centrocercus urophasianus",,,10,7.2,1.2,0.2,0.242398165,0.002575747,0.237364425,0.24749196,1.650746269,0.85658814,1,4,7.775321542,5.668674092,2,23,6.810829854,3.535145683,4.052341668,16.4759008,0.79094545,0.004778691,0.785663597,0.796946868,1.935126565,0.084686792,1.832649074,2.041486258,4.69050774,0.265328867,4.353264971,5.039169975,0.807697338,0.797384925,0.822458206,0.607697338,0.597384925,0.622458206
51,1,47,a,"grey fantail, Rhipidura fuliginosa",,,25,1.96,1.8,0.64,0.607747526,0.019824666,0.568947414,0.646203373,1.464,0.681692149,1,3,3.7027872,1.924534134,2,9,2.411467187,1.126239143,1.556388201,5.108821853,0.614087989,0.003040308,0.611701387,0.622482383,1.417902916,0.019561098,1.380405641,1.456624832,2.964918672,0.097063546,2.785500779,3.163737028,0.627386488,0.610220677,0.652811852,-0.012613512,-0.029779323,0.012811852
52,1,48,a,"ground tit, Pseudopodoces humilis",,,75,4.6933,1.0133,0.013333333,0.319941462,0.007771471,0.304625329,0.335171499,1.517333333,0.751243168,1,4,5.812849067,3.901703734,2,16,4.745334487,2.352974307,2.99971012,12.064471,0.763847462,0.00055033,0.763456959,0.765470052,1.795684639,0.024767777,1.747281021,1.844602997,3.169116178,0.077042412,3.023327866,3.32649073,0.77419966,0.766316607,0.784675701,0.760866327,0.752983273,0.771342368
53,1,49,a,"house finch, Carpodacus mexicanus",,,59,3.5932,1.1525,0.13559322,0.422256326,0.010683297,0.401374347,0.442900588,1.562711864,0.797432027,1,4,4.888970678,2.998188879,2,13,3.703233797,1.892648823,2.269357596,9.193684388,0.737260955,0.001757149,0.735138101,0.741526215,1.762941099,0.025649963,1.71331207,1.812991564,2.731235338,0.069227473,2.602259749,2.871489871,0.740204459,0.732412872,0.750996047,0.604611238,0.596819651,0.615402826
54,1,50,b,"house sparrow, Passer domesticus",,,112,3.3036,1.2857,0.285714286,0.450087164,0.002318437,0.445581132,0.454667584,1.494452555,0.731690296,1,3,4.510973679,2.673476257,2,11,3.320450619,1.625818203,2.201933633,6.715057736,0.72177565,0.016335275,0.699078314,0.750864299,1.6908738,0.109734795,1.520803739,1.871656796,2.560383976,0.251091655,2.284363893,2.879415898,0.698401692,0.689509119,0.711833891,0.662687407,0.653794833,0.676119605
55,1,50,b,"house sparrow, Passer domesticus",,,56,2.7232,1.0357,0.035714286,0.450087164,0.002318437,0.445581132,0.454667584,1.494452555,0.731690296,1,3,4.510973679,2.673476257,2,11,3.320450619,1.625818203,2.201933633,6.715057736,0.72177565,0.016335275,0.699078314,0.750864299,1.6908738,0.109734795,1.520803739,1.871656796,2.560383976,0.251091655,2.284363893,2.879415898,0.728135507,0.720302001,0.73984683,0.442421221,0.434587715,0.454132544
56,1,50,b,"house sparrow, Passer domesticus",,,35,3.6857,1.2857,0.285714286,0.450087164,0.002318437,0.445581132,0.454667584,1.494452555,0.731690296,1,3,4.510973679,2.673476257,2,11,3.320450619,1.625818203,2.201933633,6.715057736,0.72177565,0.016335275,0.699078314,0.750864299,1.6908738,0.109734795,1.520803739,1.871656796,2.560383976,0.251091655,2.284363893,2.879415898,0.743850719,0.736119444,0.754424634,0.458136433,0.450405158,0.468710348
57,1,51,b,"house wren, Troglodytes aedon",,,9,6,1.1111,0.111111111,0.314843472,0.001988112,0.311048,0.318729214,1.7125,0.893696237,1,4,6.515599444,4.381286941,2,18,5.439427633,2.838918975,3.142822263,12.71928642,0.780355892,0.013428591,0.76428438,0.798748812,1.950991946,0.129972569,1.780245243,2.120391181,4.15096017,0.545189071,3.496657067,4.89971094,0.775131437,0.767197649,0.785695313,0.399440829,0.391507041,0.410004706
58,1,51,b,"house wren, Troglodytes aedon",,,181,4.7348,1.5286,0.375690608,0.314843472,0.001988112,0.311048,0.318729214,1.7125,0.893696237,1,4,6.515599444,4.381286941,2,18,5.439427633,2.838918975,3.142822263,12.71928642,0.780355892,0.013428591,0.76428438,0.798748812,1.950991946,0.129972569,1.780245243,2.120391181,4.15096017,0.545189071,3.496657067,4.89971094,0.794594876,0.78519281,0.807874161,0.683483765,0.674081699,0.69676305
59,1,52,a,"imperial shag, Phalacrocorax atriceps",,,37,2.973,0,0,0.44709428,0.014624572,0.418287367,0.475542736,1.432432432,0.629909583,1,3,4.376957838,2.5079585,2,11,3.207312858,1.415096705,2.116197187,6.805812734,0.709696,0.002302233,0.707800005,0.716008121,1.605091102,0.026323966,1.553958833,1.657013959,2.239067467,0.073542422,2.102860427,2.390700938,0.712186037,0.703952526,0.724918313,0.712186037,0.703952526,0.724918313
60,1,53,a,"Isabelline shrike, Lanius isabellinus",,,61,3.377,1.0492,0.049180328,0.412188222,0.010747867,0.391704756,0.433465516,1.437704918,0.622176014,1,3,4.636880328,2.7261034,2,12,3.490355042,1.513731063,2.320086094,7.32712634,0.727728712,0.00102318,0.726954333,0.730510732,1.669662432,0.022989102,1.626295409,1.7156359,2.547123406,0.066477919,2.420447047,2.678497802,0.731307809,0.723482168,0.742747112,0.682127481,0.674301841,0.693566785
61,1,54,a,"jabiru, Jabiru mycteria",,,13,2.6154,1.3846,0.076923077,0.533875494,0.026575955,0.480601335,0.585459961,1.453846154,0.657636328,1,3,3.966710769,2.135452381,2,9,2.729997239,1.244017694,1.722046309,5.812115219,0.688397718,0.004555927,0.684615515,0.70096651,1.616509754,0.042581995,1.533381082,1.701244939,2.599997371,0.130506745,2.365004401,2.881006116,0.691244661,0.681985443,0.705383699,0.614321584,0.605062366,0.628460622
62,1,55,a,"kalij pheasant, Lophura leucomelanos",,,13,6.0769,1.7692,0.538461538,0.313187864,0.016148093,0.282003434,0.345969761,1.984615385,1.143440697,1,5,7.439406154,5.132749994,2,21,6.35374942,3.6803914,2.951122614,16.14366643,0.799674245,0.008260638,0.786233284,0.818487962,2.120164744,0.074926998,1.977871825,2.274751833,5.664195219,0.293497215,5.113830668,6.273791585,0.795469871,0.786022021,0.80884486,0.257008333,0.247560482,0.270383321
63,1,56,a,"Karoo scrub-robin, Erythropygia coryphaeus",,,12,2.75,1.3333,0.333333333,0.477304031,0.025573504,0.428605207,0.528484773,1.5,0.785281593,1,3,4.3649375,2.622145531,2,11,3.151725336,1.661098973,1.9125906,6.726310373,0.697381732,0.00452603,0.694224752,0.709742264,1.578238895,0.041749038,1.500666632,1.66381698,2.801533632,0.151009584,2.522936141,3.110865928,0.700174444,0.691411313,0.713409735,0.36684111,0.35807798,0.380076401
64,1,57,b,"Kentish plover, Charadrius alexandrinus",,,12,1.9048,1.0159,0.015873016,0.540673102,0.002588209,0.535519965,0.545764588,1.323717949,0.575416482,1,3,3.623101827,1.931836054,2,9,2.448333901,1.064360627,1.833546331,5.548986292,0.65871677,0.020216834,0.632995502,0.687955768,1.44710048,0.149857626,1.207340291,1.630992664,1.87189285,0.028712563,1.835008004,1.935106749,0.571720289,0.543064483,0.611507689,0.571720289,0.543064483,0.611507689
65,1,57,b,"Kentish plover, Charadrius alexandrinus",,,28,1.5833,1,0,0.540673102,0.002588209,0.535519965,0.545764588,1.323717949,0.575416482,1,3,3.623101827,1.931836054,2,9,2.448333901,1.064360627,1.833546331,5.548986292,0.65871677,0.020216834,0.632995502,0.687955768,1.44710048,0.149857626,1.207340291,1.630992664,1.87189285,0.028712563,1.835008004,1.935106749,0.620095547,0.601598828,0.647230081,0.604222531,0.585725812,0.631357065
66,1,57,b,"Kentish plover, Charadrius alexandrinus",,,19,2.0357,1,0,0.540673102,0.002588209,0.535519965,0.545764588,1.323717949,0.575416482,1,3,3.623101827,1.931836054,2,9,2.448333901,1.064360627,1.833546331,5.548986292,0.65871677,0.020216834,0.632995502,0.687955768,1.44710048,0.149857626,1.207340291,1.630992664,1.87189285,0.028712563,1.835008004,1.935106749,0.636907559,0.621378278,0.660201178,0.636907559,0.621378278,0.660201178
67,1,57,b,"Kentish plover, Charadrius alexandrinus",,,63,2.5205,1.0411,0.04109589,0.540673102,0.002588209,0.535519965,0.545764588,1.323717949,0.575416482,1,3,3.623101827,1.931836054,2,9,2.448333901,1.064360627,1.833546331,5.548986292,0.65871677,0.020216834,0.632995502,0.687955768,1.44710048,0.149857626,1.207340291,1.630992664,1.87189285,0.028712563,1.835008004,1.935106749,0.67724428,0.667323504,0.69281414,0.67724428,0.667323504,0.69281414
68,1,57,b,"Kentish plover, Charadrius alexandrinus",,,73,2.4211,1,0,0.540673102,0.002588209,0.535519965,0.545764588,1.323717949,0.575416482,1,3,3.623101827,1.931836054,2,9,2.448333901,1.064360627,1.833546331,5.548986292,0.65871677,0.020216834,0.632995502,0.687955768,1.44710048,0.149857626,1.207340291,1.630992664,1.87189285,0.028712563,1.835008004,1.935106749,0.684768998,0.67527875,0.699488549,0.643673108,0.63418286,0.658392659
69,1,58,a,"Kittlitz's plover, Charadrius pecuarius",,,15,1.2,1,0,0.691412443,0.028254451,0.635047822,0.745466799,1.233333333,0.467855784,1,2,2.958656,1.331702615,2,6,1.786792869,0.682368844,1.347463211,3.146322264,0.457864718,0.036276425,0.396338125,0.537391073,1.097515038,0.00595154,1.086047727,1.109318219,1.448750975,0.059722406,1.341441364,1.57468456,0.501256888,0.455658803,0.561618294,0.501256888,0.455658803,0.561618294
70,1,59,b,"lesser kestrel, Falco naumanni",,,,,,,0.42887845,0.006578801,0.415939429,0.441784361,1.414619883,0.642106613,1,3,4.447192515,2.628746831,2,11,3.299193192,1.498560409,2.270547271,7.053705395,0.718869317,0.005371442,0.711167189,0.726475906,1.633447216,0.048791154,1.564294137,1.71572783,2.429387297,0.142411762,2.270534428,2.682703936,0.713478054,0.705276446,0.726196843,0.588478054,0.580276446,0.601196843
71,1,59,b,"lesser kestrel, Falco naumanni",,,23,3.1304,1,0,0.42887845,0.006578801,0.415939429,0.441784361,1.414619883,0.642106613,1,3,4.447192515,2.628746831,2,11,3.299193192,1.498560409,2.270547271,7.053705395,0.718869317,0.005371442,0.711167189,0.726475906,1.633447216,0.048791154,1.564294137,1.71572783,2.429387297,0.142411762,2.270534428,2.682703936,0.719921698,0.711919587,0.732341405,0.719921698,0.711919587,0.732341405
72,1,60,a,"long-tailed tit, Aegithalos caudatus",,,48,7.75,1.125,0.125,0.219323645,0.006828418,0.205844373,0.232584355,1.689583333,0.892967894,1,4,8.633934167,6.476662847,2,26,7.711088712,4.084486479,4.335230833,18.38222357,0.797873688,0.001244596,0.796689692,0.801074829,1.99238913,0.038799492,1.916494278,2.068365357,5.134387059,0.160164315,4.836954747,5.465293929,0.813345424,0.802463998,0.82879716,0.688345424,0.677463998,0.70379716
73,1,61,a,"Madagascar plover, Charadrius thoracicus",,,12,1.6667,1,0,0.546735381,0.029585875,0.488436784,0.60414178,1.258333333,0.524338426,1,2.025,3.4507225,1.825867695,2,8,2.308362584,0.971588826,1.664344231,4.721068122,0.635077118,0.034053223,0.581184648,0.712406734,1.244284036,0.017918875,1.209985916,1.280100558,1.834460331,0.100520639,1.655240596,2.04734785,0.585218515,0.559569495,0.621304418,0.585218515,0.559569495,0.621304418
74,1,62,a,"mallard, Anas platyrhynchos",,,25,9.9615,1.6,0.48,0.207472461,0.008093804,0.191850908,0.223685024,2.08,1.213919515,1,5,10.882648,8.308938231,2,33,10.04070874,5.877490774,4.546021431,24.53822104,0.824377246,0.005766747,0.814232249,0.836746774,2.293359673,0.063947855,2.171256353,2.422745705,7.723622107,0.30181139,7.152915168,8.339809348,0.83429717,0.819988751,0.852901467,0.35429717,0.339988751,0.372901467
75,1,63,a,"Mexican jay, Aphelocoma ultramarina",,,51,2.7255,1.7647,0.62745098,0.568760511,0.012804769,0.543362626,0.593597528,1.664705882,0.789222462,1,4,4.305462745,2.265066027,2,10,2.928388564,1.390248987,1.695552125,6.823270833,0.70878138,0.005139439,0.699678065,0.719722893,1.724545311,0.023132887,1.679205011,1.769961376,3.104298831,0.070069599,2.972899647,3.247749845,0.698555217,0.689674037,0.711969475,0.071104237,0.062223056,0.084518495
76,1,64,b,"monk parakeet, Myiopsitta monachus",,,52,1.1154,1,0,0.554549856,0.006752047,0.541339233,0.567948693,1.279059829,0.540960668,1,3,3.463362051,1.816220935,2,8,2.306825098,0.976116711,1.763391433,5.396283168,0.692641476,0.048139444,0.622222575,0.761859276,1.381058423,0.289448625,1.039950396,1.766463221,1.803531817,0.021969715,1.760722426,1.847270509,0.483891266,0.433905195,0.549539124,0.483891266,0.433905195,0.549539124
77,1,64,b,"monk parakeet, Myiopsitta monachus",,,14,1.9286,1,0,0.554549856,0.006752047,0.541339233,0.567948693,1.279059829,0.540960668,1,3,3.463362051,1.816220935,2,8,2.306825098,0.976116711,1.763391433,5.396283168,0.692641476,0.048139444,0.622222575,0.761859276,1.381058423,0.289448625,1.039950396,1.766463221,1.803531817,0.021969715,1.760722426,1.847270509,0.623274829,0.605366872,0.64965578,0.623274829,0.605366872,0.64965578
78,1,64,b,"monk parakeet, Myiopsitta monachus",,,12,2.8333,1,0,0.554549856,0.006752047,0.541339233,0.567948693,1.279059829,0.540960668,1,3,3.463362051,1.816220935,2,8,2.306825098,0.976116711,1.763391433,5.396283168,0.692641476,0.048139444,0.622222575,0.761859276,1.381058423,0.289448625,1.039950396,1.766463221,1.803531817,0.021969715,1.760722426,1.847270509,0.70512301,0.696649487,0.717993939,0.70512301,0.696649487,0.717993939
79,1,65,a,"Montagu's harrier, Circus pygargus",,,10,3.2,1.1,0.1,0.423365164,0.026939897,0.370878151,0.47558821,1.42,0.750733351,1,3,4.5054,2.873725648,2,12,3.367839788,1.797393452,2.120267976,7.814389949,0.723253934,0.005894819,0.719282034,0.739740511,1.636639564,0.053397852,1.535252556,1.742781835,2.608889977,0.168236307,2.312925292,2.965933685,0.723375158,0.71547629,0.735501233,0.623375158,0.61547629,0.635501233
80,1,66,a,"New Zealand hihi, Notiomystis cincta",,,485,3.1711,1.5794,0.4371134,0.503973053,0.003934781,0.496265339,0.511781325,1.669278351,0.856933221,1,4,4.622501979,2.649467624,2,11,3.312439201,1.700707339,1.958714647,7.923071165,0.730329303,0.001452829,0.727589557,0.733314432,1.79217865,0.008520574,1.775548785,1.809148159,3.134051912,0.024469633,3.086047429,3.182534263,0.721970611,0.714035931,0.734217348,0.284857209,0.276922529,0.297103946
81,1,67,a,"New Zealand robin, Petroica australis",,,54,3.6667,1.0185,0.018518519,0.475027821,0.006873677,0.461696114,0.488481803,1.38021978,0.617015125,1,3,4.072318132,2.304741707,2,10,2.906164376,1.299992555,2.052085205,6.347809083,0.746965768,0.015331142,0.714378787,0.765060163,1.564160241,0.358973189,1.199147129,1.953014464,2.125076997,0.036426946,2.05583191,2.196907024,0.743120094,0.735376422,0.753738075,0.724601576,0.716857904,0.735219556
82,1,68,a,"North American black tern, Chlidonias niger",,,11,2.5455,1,0,0.480502944,0.027786054,0.425891776,0.53490792,1.427272727,0.680362391,1,3,4.170506364,2.414624226,2,10,2.980408871,1.433761119,1.890500664,6.445601893,0.687891923,0.009679958,0.679127678,0.714050175,1.508512579,0.039445093,1.433063802,1.587804605,2.088184559,0.122021237,1.86948064,2.348014348,0.686515167,0.677092153,0.701071009,0.686515167,0.677092153,0.701071009
83,1,69,a,"Northern bobwhite, Colinus virginianus",,,34,11.4118,2.29,0.852941176,0.225020682,0.006635562,0.212215774,0.238212982,2.632352941,1.344973538,1,6,12.51347441,8.461092898,2,34,11.70845767,5.994901984,4.283907473,26.2856994,0.866577188,0.006493687,0.854053555,0.879466631,2.716291646,0.064787808,2.592163151,2.846000158,10.18570407,0.300798637,9.61324602,10.79090379,0.846975935,0.829267167,0.868250281,-0.005965241,-0.02367401,0.015309105
84,1,70,a,"northern flicker, Colaptes auratus",,,53,6.9245,1.0189,0.018867925,0.222566055,0.006793229,0.209691423,0.236033716,1.571698113,0.807716951,1,4,8.006882264,6.010585491,2,24,7.068299758,3.640598729,4.265818453,17.40706346,0.792175189,0.001416148,0.790865149,0.79586816,1.868145667,0.033059931,1.80602253,1.934237389,4.58209108,0.139984727,4.316620282,4.858891736,0.804788469,0.794723665,0.819208704,0.785920545,0.77585574,0.80034078
85,1,71,a,"ostrich, Struthio camelus",,,4,15.25,2.5,1,0.17995383,0.015551453,0.150745196,0.211780394,2.75,1.512450237,1,5.075,16.0611275,11.78144083,2,46,15.39679333,8.605372131,5.026340838,36.04630958,0.880023731,0.017871278,0.845985884,0.915559916,2.886960696,0.206851846,2.506289123,3.317696466,13.99708485,1.220164333,11.80468104,16.58427643,0.879671934,0.847448726,0.912202474,-0.120328066,-0.152551274,-0.087797526
86,1,72,a,"pied babbler, Turdoides bicolor",,,61,2.377,1.0492,0.049180328,0.540034161,0.012412189,0.515461558,0.563918626,1.378688525,0.605335549,1,3,3.757928197,2.000264555,2,9,2.554317534,1.123355521,1.779496463,5.590948045,0.664801604,0.000942898,0.664134051,0.66749197,1.524462545,0.016703184,1.49178986,1.556993872,1.943832606,0.044796856,1.860517244,2.035419155,0.673536254,0.663291464,0.689633792,0.624355926,0.614111136,0.640453464
87,1,73,b,"pied flycatcher, Ficedula hypoleuca",,,296,4.5424,1.4322,0.288135593,0.323883083,0.001918974,0.320128221,0.327575958,1.681849913,0.871801051,1,4,6.281187138,4.187083465,2,17,5.192950951,2.692032987,3.05759865,12.3438045,0.77681158,0.016260828,0.760642821,0.800593157,1.927381745,0.148226458,1.762050705,2.138369222,3.949077193,0.338122943,3.628361177,4.459787489,0.770586974,0.762866329,0.780782216,0.48245138,0.474730736,0.492646622
88,1,73,b,"pied flycatcher, Ficedula hypoleuca",,,59,5.9155,1.219594595,0.189189189,0.323883083,0.001918974,0.320128221,0.327575958,1.681849913,0.871801051,1,4,6.281187138,4.187083465,2,17,5.192950951,2.692032987,3.05759865,12.3438045,0.77681158,0.016260828,0.760642821,0.800593157,1.927381745,0.148226458,1.762050705,2.138369222,3.949077193,0.338122943,3.628361177,4.459787489,0.793628251,0.7842746,0.806802124,0.604439062,0.595085411,0.617612935
89,1,74,a,"prairie chicken, TYMPANUCHUS CUPIDO",,,25,8.5,1.64,0.44,0.244306247,0.009438721,0.225697151,0.263157813,2.04,1.168931369,1,5,9.2945884,6.808343104,2,27,8.362672201,4.806381598,3.857137083,20.65425434,0.82222311,0.006462804,0.8104512,0.835916214,2.288629652,0.063665655,2.164521585,2.417136671,6.722932554,0.260445982,6.23200194,7.26637441,0.820736638,0.808907813,0.837172619,0.380736638,0.368907813,0.397172619
90,1,75,a,"red phalarope, Phalaropus fulicarius",,,18,3.8889,1.3333,0.333333333,0.418960905,0.018530209,0.382764408,0.455096249,1.633333333,0.81581611,1,3,5.106574444,3.095070541,2,13,3.906191684,1.96067487,2.220864009,7.863365233,0.752501823,0.005695056,0.744790768,0.765908537,1.854312083,0.050349698,1.757701719,1.954119966,3.188727905,0.141624749,2.929783178,3.483430818,0.751100472,0.743490057,0.761255859,0.417767138,0.410156724,0.427922525
91,1,76,a,"red-billed quelea, Quelea quelea",,,37,1.5135,1.3243,0.324324324,0.634946209,0.017550619,0.600959749,0.668841626,1.294594595,0.557235503,1,3,3.235567027,1.609729106,2,7,2.040466575,0.880439196,1.49879837,4.728201317,0.547142466,0.01337135,0.524580213,0.575900242,1.228364712,0.009101567,1.211071781,1.246284017,2.087324889,0.057865056,1.980026769,2.203682241,0.559904232,0.528537059,0.603011075,0.235579908,0.204212735,0.27868675
92,1,77,a,"red-breasted flycatcher, Ficedula parva",,,33,4.8182,1.3939,0.242424242,0.341958574,0.011970764,0.318425298,0.365617446,1.639393939,0.820361979,1,3,5.910443636,3.837680155,2,16,4.800032942,2.409372318,2.761656533,9.635955926,0.769602795,0.002912327,0.7658253,0.776772286,1.901013282,0.040939799,1.821482706,1.98291946,4.081358879,0.143569419,3.812562586,4.377602539,0.776929666,0.768887557,0.787681406,0.534505423,0.526463314,0.545257164
93,1,78,a,"red-capped plover, Charadrius ruficapillus",,,4,1.75,1,0,0.559502604,0.050342115,0.45824684,0.656466778,1.275,0.446514836,1,2,3.4588425,1.700484722,2,8,2.297848925,0.835905307,1.541513043,4.066154617,0.628449227,0.047036645,0.573005526,0.750274524,1.2864878,0.035383334,1.218926068,1.358181374,1.802234451,0.167432309,1.523306334,2.182229998,0.598052374,0.575154462,0.630726208,0.598052374,0.575154462,0.630726208
94,1,79,a,"reed bunting, Emberiza schoeniclus",,,121,4,1.9706,0.558823529,0.479860578,0.007157369,0.465967582,0.493834585,1.972727273,1.038156387,1,5,5.510325289,3.175600471,2,13,4.111957616,2.165046497,2.036576454,10.12656166,0.787603494,0.004255296,0.779532903,0.796091104,2.071121238,0.021888379,2.028887214,2.114108859,4.107499001,0.061300769,3.990381185,4.22902432,0.754741003,0.747178628,0.764730856,0.195917474,0.188355098,0.205907327
95,1,80,a,"Ridgway's hawk, Buteo ridgwayi",,,41,1.8696,1,0,0.581299869,0.016277793,0.549493872,0.612828076,1.302439024,0.509656955,1,2,3.425323659,1.689252178,2,8,2.242325117,0.880045875,1.63770057,3.738496558,0.611022824,0.007360666,0.59970538,0.627854355,1.352532943,0.013852309,1.325911647,1.379809756,1.721635389,0.048357278,1.631779023,1.819856511,0.615291788,0.59588066,0.643589362,0.615291788,0.59588066,0.643589362
96,1,81,a,"rufous-and-white wren, Thryothorus rufalbus",,,51,3.098,1.0588,0.058823529,0.453773819,0.012245466,0.429453901,0.477335468,1.462745098,0.660944364,1,3,4.412866863,2.527043078,2,11,3.225865563,1.460758818,2.106557391,6.755674079,0.71496578,0.000805105,0.714374842,0.717222224,1.661103812,0.023886363,1.614218731,1.707588815,2.335076949,0.063198123,2.218195799,2.465511493,0.718256879,0.710191724,0.730804779,0.65943335,0.651368195,0.671981249
97,1,82,b,"rufous-chested dotterel, Charadrius modestus",,,8,1.75,1,0,0.606382036,0.037398013,0.5329716,0.678842016,1.3,0.50990227,1,2.025,3.34268,1.625136523,2,7,2.152140398,0.856455611,1.483597152,4.21499477,0.592644731,0.019598861,0.571604873,0.642629327,1.319982522,0.028067603,1.266990994,1.376581324,1.655492614,0.103643581,1.473096798,1.876272583,0.598052374,0.575154462,0.630726208,0.598052374,0.575154462,0.630726208
98,1,83,a,"Saddleback, Philesturnus carunculatus",,,39,5.1795,1,0,0.283383692,0.010053512,0.264095998,0.303152394,1.466666667,0.735660737,1,3,6.205251538,4.386201507,2,18,5.182078805,2.60742284,3.318382623,11.11081478,0.773720795,0.002209259,0.771688988,0.779546907,1.785927092,0.035261006,1.719024904,1.856008135,3.533235549,0.125628928,3.298670963,3.786501904,0.783681297,0.775117008,0.795349003,0.783681297,0.775117008,0.795349003
99,1,84,a,"saffron finch, Sicalis flaveola",,,54,3.6667,1.2963,0.222222222,0.409936315,0.01091681,0.38868566,0.431530918,1.548148148,0.754919919,1,3,4.950177963,3.013568575,2,13,3.779240022,1.84627109,2.331820606,7.788213349,0.739007253,0.001408979,0.7376344,0.742745856,1.757239997,0.026658765,1.705888279,1.810522051,3.164435425,0.084404519,3.00394767,3.33507621,0.743120094,0.735376422,0.753738075,0.520897872,0.5131542,0.531515853
100,1,85,a,"sanderling, Calidris alba",,,48,3.56,1.0417,0.041666667,0.404058208,0.011881841,0.380950517,0.42726152,1.452083333,0.702522191,1,3,4.736170833,2.927056705,2,12,3.596862584,1.744153775,2.352078859,7.825030686,0.734510172,0.000829736,0.733938145,0.736852171,1.709375946,0.027434077,1.656630984,1.763551615,2.580245756,0.076058731,2.438007213,2.734388384,0.738845278,0.731035072,0.749718784,0.697178611,0.689368405,0.708052117
101,1,86,a,"Savi's warbler, Locustella luscinioides",,,102,3.8431,1.0588,0.058823529,0.381310218,0.00774347,0.366230378,0.396543319,1.465686275,0.697192597,1,3,4.968201569,3.107728034,2,13,3.845402654,1.831215186,2.531631956,8.010894762,0.743481026,0.000374228,0.743217207,0.744564698,1.740473436,0.01963803,1.702517677,1.779396718,2.777949743,0.056476207,2.670133321,2.89114064,0.749544148,0.741909342,0.759782997,0.690720618,0.683085813,0.700959467
102,1,87,a,"scaled quail, Callipepla squamata",,,22,9.7273,1.09,0.090909091,0.173133623,0.008223332,0.157390627,0.189602254,1.681818182,0.87834387,1,4,10.58415636,8.334363051,2,33,9.736003779,5.111653061,5.347567616,23.09790836,0.807334661,0.001363063,0.806366327,0.811174685,1.999104676,0.058841935,1.887856009,2.118401449,6.30998299,0.301117335,5.748876799,6.925444181,0.83218664,0.818336142,0.850414078,0.741277549,0.727427051,0.759504988
103,1,88,a,"scarlet rosefinch, Carpodacus erythrinus",,,75,4.2903,2.3,0.32,0.490678979,0.008882894,0.473612358,0.508491087,2.097333333,1.106281935,1,5,5.738504667,3.265788544,2,14,4.275749895,2.257029859,1.984308547,9.996720271,0.81655904,0.005922287,0.805329038,0.82857451,2.22860021,0.030584803,2.170249463,2.290351579,4.688918353,0.084882128,4.523186465,4.856292203,0.763715029,0.756161766,0.773619333,0.443715029,0.436161766,0.453619333
104,1,89,a,"scarlet tanager, Piranga olivacea",,,17,3.1765,1.5294,0.294117647,0.496248469,0.021767543,0.453407022,0.538362514,1.558823529,0.811359899,1,3,4.399858824,2.589782943,2,11,3.147297265,1.645620624,1.873515359,6.713990878,0.729207379,0.007275261,0.718736034,0.746072747,1.77831222,0.04681504,1.688019003,1.870659978,3.087914298,0.136295257,2.840858576,3.373154123,0.722233187,0.714305833,0.73445748,0.42811554,0.420188186,0.440339833
105,1,90,a,"scissor-tailed flycatchers, Tyrannus forficatus",,,140,3.9286,1.6504,0.435714286,0.441853697,0.006619474,0.42887308,0.454859555,1.755714286,0.871965908,1,4,5.245800714,3.060283711,2,13,3.974411747,1.974990297,2.209887341,9.049445839,0.762579158,0.002912188,0.757156658,0.768568326,1.931329287,0.018804096,1.894676039,1.968495133,3.736026442,0.056002994,3.628387017,3.848239909,0.752421283,0.744830038,0.762511018,0.316706997,0.309115752,0.326796733
106,1,91,a,"seaside sparrow, Ammodramus maritimus",,,18,2.6111,1.1667,0.166666667,0.48342039,0.021912543,0.440232611,0.526012676,1.377777778,0.642526058,1,3,4.025292222,2.313338845,2,10,2.855953726,1.339605568,1.914110961,6.400719823,0.688784046,0.005224595,0.684290137,0.703205079,1.536497097,0.032744727,1.473327866,1.601463406,2.418347913,0.110306843,2.217944017,2.650114139,0.690960577,0.681691188,0.705124503,0.524293911,0.515024522,0.538457837
107,1,92,a,"sedge warbler, Acrocephalus schoenobaenus",,,85,4.7412,1.2017,0.188235294,0.348523716,0.004345936,0.339905239,0.357025541,1.630232558,0.826696501,1,4,5.795198217,3.759110581,2,15,4.678264579,2.373266355,2.81033395,11.36951179,0.765447421,0.002931156,0.761612066,0.770164195,1.877877516,0.027848627,1.831392306,1.925885663,3.48517351,0.056914956,3.378609538,3.594891398,0.775272318,0.767330539,0.785850037,0.587037024,0.579095245,0.597614743
108,1,93,a,"Siberian jay, Perisoreus infaustus",,,23,1.7391,1,0,0.631173416,0.021527058,0.588982537,0.673103615,1.343478261,0.581845831,1,3,3.356657826,1.671198313,2,8,2.131025309,0.926340495,1.49202514,4.777598587,0.578133685,0.007207614,0.569206836,0.596066032,1.333163767,0.016488826,1.301606215,1.366029034,1.586200068,0.05429484,1.485655369,1.697843208,0.596416301,0.573174275,0.629518548,0.596416301,0.573174275,0.629518548
109,1,94,a,"snowy plover, Charadrius nivosus",,,93,2.1613,1,0,0.528935523,0.010469711,0.508349573,0.549565166,1.278494624,0.535683586,1,3,3.564899892,1.90446256,2,8,2.418056475,1.014485543,1.823582194,5.619368201,0.651420307,0.004136517,0.644555898,0.660699239,1.422891188,0.01144843,1.400616029,1.445681379,1.891330969,0.037472956,1.819620423,1.967150269,0.651572583,0.638353867,0.671791826,0.651572583,0.638353867,0.671791826
110,1,95,a,"sociable weaver, Philetairus socius",,,20,2.8,1,0,0.466321884,0.021110816,0.425212547,0.507620638,1.335,0.585470043,1,3,4.0100285,2.294215674,2,10,2.868722728,1.266128912,1.982152886,6.499237077,0.700497617,0.003904604,0.697502118,0.711524747,1.578066169,0.035069612,1.511173965,1.648010674,2.148855976,0.097719835,1.969975071,2.351765036,0.703235698,0.69466482,0.716213051,0.703235698,0.69466482,0.716213051
111,1,96,a,"song sparrow, Melospiza melodia",,,11,3.4545,1.3636,0.363636364,0.429607299,0.023925794,0.383155439,0.477678385,1.627272727,0.923029927,1,4,5.003903636,3.217961183,2,13,3.799644284,2.169130029,2.119958362,9.679213263,0.733001257,0.00378772,0.730022915,0.743869939,1.734157413,0.054410649,1.630949461,1.845968751,3.184059456,0.178561251,2.85471649,3.558963871,0.73453594,0.726707719,0.745713862,0.370899576,0.363071355,0.382077498
112,1,97,a,"southern emu-wren, Stipiturus malachurus",,,27,1.8519,1.0741,0.074074074,0.612271847,0.020075224,0.57324661,0.651229251,1.348148148,0.587758166,1,3,3.426438148,1.73099654,2,8,2.204254461,0.964252013,1.542997273,4.88307186,0.598848333,0.005496171,0.592677305,0.612632359,1.371258806,0.017466514,1.338008048,1.405873355,1.756136796,0.057801721,1.649302566,1.873668429,0.612826428,0.592934392,0.641732308,0.538752354,0.518860318,0.567658234
113,1,98,a,"spotted towhee, Pipilo maculatus",,,145,2.5175,1.6069,0.351,0.548449239,0.00780213,0.533113947,0.563687362,1.528965517,0.761705666,1,3,4.073002966,2.262310374,2,10,2.788362125,1.389823977,1.779559247,5.659537116,0.678697255,0.001140225,0.677016106,0.681359258,1.596513806,0.011862903,1.573373984,1.619855781,2.930484326,0.041712624,2.85068756,3.014170911,0.684555425,0.675056359,0.69929566,0.333555425,0.324056359,0.34829566
114,1,99,a,"Stellers jay, Cyanocitta stelleri",,,41,1.9268,1.1463,0.146341463,0.597276417,0.01621297,0.565131842,0.628602075,1.341463415,0.597137802,1,3,3.458038049,1.785469255,2,8,2.247628081,1.002748866,1.596741458,5.041733111,0.611342131,0.004112314,0.606278179,0.621666429,1.392355789,0.015144101,1.362829115,1.422114791,1.92070036,0.052319456,1.823636142,2.028449609,0.623044096,0.605093849,0.649479305,0.476702633,0.458752386,0.503137842
115,1,100,a,"subdesert mesite, Monias benschi",,,11,1.5455,1.1818,0.181818182,0.708371952,0.031480959,0.643919631,0.767602074,1.318181818,0.554843689,1,3,3.103501818,1.454415292,2,7,1.864585607,0.790106212,1.309539886,4.205565513,0.521469818,0.007802752,0.515749075,0.543626698,1.286828601,0.019605242,1.248209621,1.32523628,1.671697441,0.075303767,1.539623488,1.835350447,0.565366876,0.535261566,0.60693073,0.383548695,0.353443384,0.425112548
116,1,101,a,"superb fairy-wren, Malurus cyaneus",,,12,2.25,1.4167,0.333333333,0.579876753,0.02791775,0.524676324,0.633976406,1.533333333,0.706320964,1,3,3.965119167,2.068430418,2,9,2.65042539,1.229107839,1.593838658,5.427725591,0.653578298,0.003601748,0.650882164,0.664090089,1.5215186,0.035566536,1.453123584,1.592383905,2.448762589,0.118984419,2.23457317,2.700077369,0.661152152,0.649325755,0.679481256,0.327818819,0.315992422,0.346147923
117,1,102,a,"Swainsons hawk, Buteo swainsoni",,,27,2.0741,1.0345,0.034482759,0.544732752,0.019335567,0.50665716,0.581998665,1.325925926,0.58156415,1,3,3.61555,1.933178334,2,9,2.437164828,1.073165248,1.725505301,5.521769043,0.64128443,0.007972511,0.630224037,0.660589171,1.404689799,0.019790366,1.366466157,1.443551471,1.901467454,0.067780818,1.777465862,2.041780598,0.641531724,0.626757276,0.663829678,0.607048965,0.592274518,0.629346919
118,1,104,a,"tawny owl, Strix aluco",,,37,3.7027,1.027,0.027027027,0.416035138,0.013458582,0.389310437,0.442566276,1.5,0.76846646,1,3,4.767533784,2.974536886,2,12,3.60925087,1.853740193,2.273482625,7.597337183,0.741783567,0.00256366,0.738844977,0.748255025,1.784174568,0.033653843,1.718217315,1.851369082,2.471198794,0.080233257,2.320617459,2.63806703,0.744494045,0.736773762,0.755029126,0.717467018,0.709746735,0.728002099
119,1,105,b,"tree swallow, Tachycineta bicolor",,,99,4.9524,2.0952,0.761904762,0.403740868,0.003140984,0.397580712,0.409945106,2.087916667,1.10932593,1,5,6.46158175,3.914455366,2,16,5.171740618,2.748162728,2.448441272,12.31067257,0.81297671,0.01016071,0.800276187,0.829657844,2.232374609,0.067148803,2.149412864,2.342321355,4.963633747,0.287858622,4.510655784,5.249605098,0.779625039,0.771395178,0.790703815,0.017720277,0.009490416,0.028799053
120,1,105,b,"tree swallow, Tachycineta bicolor",,,21,5.4,2.075,0.85,0.403740868,0.003140984,0.397580712,0.409945106,2.087916667,1.10932593,1,5,6.46158175,3.914455366,2,16,5.171740618,2.748162728,2.448441272,12.31067257,0.81297671,0.01016071,0.800276187,0.829657844,2.232374609,0.067148803,2.149412864,2.342321355,4.963633747,0.287858622,4.510655784,5.249605098,0.781812832,0.773409479,0.793195893,0.098886002,0.09048265,0.110269064
121,1,105,b,"tree swallow, Tachycineta bicolor",,,40,5.0707,1.8415,0.682926829,0.403740868,0.003140984,0.397580712,0.409945106,2.087916667,1.10932593,1,5,6.46158175,3.914455366,2,16,5.171740618,2.748162728,2.448441272,12.31067257,0.81297671,0.01016071,0.800276187,0.829657844,2.232374609,0.067148803,2.149412864,2.342321355,4.963633747,0.287858622,4.510655784,5.249605098,0.787097385,0.778221295,0.799326422,-0.062902615,-0.071778705,-0.050673578
122,1,106,a,"two-banded plover, Charadrius falklandicus",,,6,2.5,1,0,0.50028873,0.038457306,0.4254391,0.576053668,1.383333333,0.579990905,1,3,3.969588333,2.162791697,2,9,2.781689441,1.189896505,1.757197909,5.995685324,0.683399278,0.011554091,0.675327866,0.715934891,1.520212126,0.054238247,1.418566226,1.631001484,2.010859837,0.157267153,1.735949367,2.35051268,0.683293891,0.67373949,0.698159749,0.683293891,0.67373949,0.698159749
123,1,107,a,"varied tit, Parus varius",,,40,6.275,1.4,0.4,0.28115065,0.008766306,0.264362355,0.298631456,1.845,0.980293446,1,4,7.589028,5.251285215,2,21,6.56870244,3.497820521,3.38414989,14.56879076,0.790697795,0.003022817,0.786041145,0.797643356,2.018847765,0.040685461,1.941683775,2.100733744,4.984381255,0.155534943,4.688052687,5.295761576,0.797699799,0.788126493,0.811320139,0.397699799,0.388126493,0.411320139
124,1,108,a,"vinous-throated parrotbills, Paradoxornis webbianus",,,50,4.92,1.36,0.26,0.355299776,0.009651513,0.336445474,0.374159639,1.734,0.859793084,1,4,6.0265976,3.805299392,2,16,4.883995027,2.426242035,2.695040467,11.19443931,0.777123937,0.003667385,0.770855698,0.785056301,1.976244464,0.034697799,1.909093319,2.044675236,3.830584335,0.104292641,3.634812149,4.042259753,0.778996238,0.770812842,0.789993885,0.518996238,0.510812842,0.529993885
125,1,109,a,"white-crowned penduline tit, Remiz coronatus",,,5,5.8,1,0,0.29069462,0.026793739,0.239547845,0.343715144,1.58,0.826801891,1,3,6.51816,4.622220781,2,19,5.482296287,2.927073958,2.970908204,12.15081909,0.786216091,0.007446987,0.77997823,0.806693634,1.954569242,0.112536787,1.746054173,2.183329906,3.469807777,0.325794265,2.909385924,4.174531396,0.792292634,0.783004325,0.805318653,0.792292634,0.783004325,0.805318653
126,1,110,a,"white-eyed vireo, Vireo griseus",,,36,2.8333,1.0556,0.055555556,0.472062958,0.015358429,0.442029969,0.501792459,1.397222222,0.624048745,1,3,4.134799444,2.342964545,2,10,2.962964468,1.327595289,2.00262102,6.448148064,0.700747578,0.001592748,0.69960558,0.705309813,1.599537666,0.026239332,1.548975617,1.651055996,2.238422461,0.073055604,2.103569986,2.387972826,0.70512301,0.696649487,0.717993939,0.649567455,0.641093932,0.662438384
127,1,111,a,"white-fronted plover, Charadrius marginatus",,,10,1.7,1,0,0.589722906,0.033780376,0.522156639,0.655015547,1.28,0.549181483,1,3,3.347506,1.72719442,2,8,2.177742589,0.944472009,1.536430261,4.895442617,0.597481618,0.02484822,0.563678734,0.65820444,1.285691313,0.022918113,1.241423618,1.331617981,1.701361397,0.098984,1.52668132,1.915134128,0.590432149,0.565914613,0.625118136,0.590432149,0.565914613,0.625118136
128,1,112,a,"white-tailed ptarmigan, Lagopus leucura",,,18,3.2222,1.1667,0.166666667,0.441483971,0.020058063,0.402218358,0.480812858,1.483333333,0.67884725,1,3,4.550232778,2.649595464,2,11,3.366844837,1.550069439,2.099339468,7.074654044,0.721848249,0.002143724,0.720298459,0.727941843,1.680208037,0.041220254,1.601099425,1.762513176,2.648080209,0.120826479,2.42644648,2.900580355,0.724431265,0.716554004,0.736465783,0.557764598,0.549887337,0.569799116
129,1,113,a,"white-throated dipper, Cinclus cinclus",,,40,4.625,1.05,0.05,0.335911133,0.01089934,0.314999968,0.357137423,1.5725,0.824465839,1,4,5.7748495,3.879055621,2,16,4.686234162,2.463015095,2.817422982,11.74390488,0.763098063,0.001194144,0.762143532,0.766363237,1.829286043,0.03474444,1.763360459,1.897664764,3.12912297,0.101698902,2.940044731,3.333333676,0.77260824,0.764803385,0.782949037,0.72260824,0.714803385,0.732949037
130,1,114,a,"wood stork, Mycteria americana",,,29,3,0,0,0.428606319,0.016134105,0.397718785,0.460397722,1.382758621,0.594555263,1,3,4.372080345,2.549814228,2,11,3.230752556,1.395464072,2.185029606,7.019184768,0.71441132,0.004493318,0.709323111,0.725747612,1.581015186,0.028823556,1.526699006,1.638652182,2.336454467,0.08809082,2.172035073,2.514339374,0.713478054,0.705276446,0.726196843,0.713478054,0.705276446,0.726196843
131,1,115,a,"wood thrush, Hylocichla mustelina",,,51,2.9608,1.1373,0.1372549,0.455412378,0.012130662,0.431907029,0.479164047,1.478431373,0.742627556,1,3,4.434907059,2.657737129,2,11,3.248665811,1.634713644,2.097826711,6.963157334,0.708037402,0.001224105,0.707120843,0.711397095,1.615785664,0.021919664,1.57379346,1.659199229,2.498973701,0.066716406,2.373414511,2.633101166,0.711600963,0.703352653,0.724337768,0.574346061,0.566097751,0.587082866
132,1,116,a,"wood warbler, Phylloscopus sibilatrix",,,3,2,1.3333,0.333333333,0.449706941,0.015527859,0.418737429,0.480000062,1.45,0.664266617,1,3,4.404815313,2.553135947,2,11,3.228183335,1.483999192,2.097195925,6.85887591,0.759030445,0.0372909,0.691956845,0.807633012,1.693952692,0.40548661,1.269265417,2.182170066,2.59738889,0.382063828,2.105189372,3.142538515,0.632482925,0.616207173,0.656753293,0.299149592,0.28287384,0.32341996
133,1,117,a,"yellow rumped flycatcher, Ficedula zanthopygia",,,64,5.0781,1.5469,0.546875,0.358690349,0.008406719,0.342272286,0.375248166,1.8390625,0.982998867,1,4,6.291351563,4.055281313,2,17,5.129977782,2.745421661,2.687590204,11.54641753,0.784809337,0.003858366,0.777857903,0.792916925,2.034835679,0.031840008,1.973161117,2.098039484,4.314934583,0.101222815,4.122271982,4.519428135,0.781944453,0.773530115,0.793346863,0.235069453,0.226655115,0.246471863
134,1,118,a,"yellow-breasted chat, Icteria virens",,,55,2.1,1.2667,0.233333333,0.586201807,0.01366887,0.559643658,0.612635154,1.396363636,0.657257069,1,3,3.619923091,1.930135427,2,9,2.383350162,1.123509848,1.637732698,5.207477577,0.633431158,0.001297507,0.632443011,0.637023215,1.460032422,0.01521755,1.430867951,1.489862493,2.161979965,0.050503932,2.06757098,2.263344986,0.644583834,0.630293947,0.666238226,0.4112505,0.396960614,0.432904893
135,1,119,a,"yellow-shouldered blackbird, Agelaius xanthomus",,,30,2.9,1.5,0.366666667,0.533845885,0.016779619,0.500955654,0.566622904,1.613333333,0.777060116,1,3,4.343077,2.370741455,2,10,3.025093753,1.46088237,1.780185267,5.938043441,0.71574973,0.005882178,0.706245302,0.72897482,1.738534248,0.032355952,1.676075724,1.80273688,2.812587167,0.088781878,2.647263268,2.994277016,0.70862047,0.700286292,0.721387061,0.341953803,0.333619625,0.354720395
136,1,120,a,"zebra finch, Taeniopygia guttata",,,80,3.95,1.05,0.05,0.392910848,0.005493876,0.382122067,0.403674515,1.457619048,0.686338852,1,3,4.842326762,2.987160262,2,13,3.710521411,1.748088718,2.483824993,7.731542662,0.738594321,0.00978925,0.726168927,0.749996148,1.701636068,0.102358719,1.582152602,1.8277075,2.711068649,0.05381866,2.611960935,2.813784664,0.753124452,0.745542682,0.763181622,0.703124452,0.695542682,0.713181622
137,2,121,a,"Cheetah, Acinonyx jubatus",50577.92,4.704,23,3,1.5,0.435,0.47166372,0.017939088,0.436045456,0.506235737,1.586956522,0.779523071,1,4,4.611277826,2.664645401,2,11,3.369487178,1.661329236,1.992087729,8.189896552,0.710753353,0.001915162,0.709276869,0.71608877,1.660169391,0.033877083,1.594049501,1.72655172,3.184857744,0.121814394,2.96304644,3.440008328,0.725459346,0.714877886,0.744960516,0.290459346,0.279877886,0.309960516
138,2,122,a,"Agile antechinus, Antechinus agilis",22.13,1.345,47,7.7,2.8,0.978,0.363809891,0.008074981,0.347959394,0.379597801,2.727659574,1.475430441,1,6,8.768025745,5.340633735,2,22,7.501184367,4.06192384,2.674949397,16.86954301,0.892019596,0.006001701,0.880053832,0.903561113,2.890372199,0.055186503,2.782652379,2.998855231,7.700123734,0.171149281,7.376228179,8.046915959,0.829006381,0.8165685,0.844384006,-0.148993619,-0.1614315,-0.133615994
139,2,123,a,"Swamp antechinus, Antechinus minimus",52.56,1.721,10,6.1,2,0.8,0.351737027,0.019221651,0.314208002,0.389224743,2.18,1.080555953,1,5,7.410579,4.517221523,2,19,6.216445679,3.104843046,2.632606599,13.50214041,0.82374422,0.012849705,0.800179775,0.849900345,2.31085873,0.094270235,2.130054037,2.497699876,5.703161174,0.313763166,5.138419473,6.365210261,0.811602253,0.797156025,0.829377033,0.011602253,-0.002843975,0.029377033
140,2,124,a,"Stuart's antechinus, Antechinus stuartii",29.1,1.464,39,4.4,2.8,0.923,0.528165199,0.012021701,0.504510068,0.55140768,2.333333333,1.279690297,1,5,6.045972308,3.43171174,2,14,4.4201051,2.426886901,1.833943767,9.850755907,0.850445241,0.008331227,0.83405056,0.866528454,2.412722177,0.04458619,2.325698138,2.499649786,5.30412612,0.121092096,5.077912589,5.549938801,0.782982717,0.770579108,0.800813378,-0.140017283,-0.152420892,-0.122186622
141,2,125,a,"Pronghorn, Antilocapra smericana",47450.01,4.676,25,2,1.4,0.44,0.573570934,0.020249589,0.534166305,0.6131321,1.396,0.612522775,1,3,3.669456,1.899353287,2,9,2.436918215,1.073391978,1.640300751,5.27505354,0.625803477,0.006304088,0.618172521,0.641552152,1.402385413,0.019923083,1.364411261,1.442098415,2.443900789,0.086556771,2.283357859,2.620906612,0.62291015,0.618881806,0.632377392,0.18291015,0.178881806,0.192377392
142,2,126,a,"Striped field mouse, Apodemus agrarius",21.11,1.324,44,6.5,1.8,0.636,0.305194934,0.008523222,0.288256252,0.321801377,2.013636364,1.070172348,1,4,7.674619091,5.104025773,2,21,6.60302752,3.515499927,3.145155216,13.83685978,0.808212479,0.004986956,0.798901873,0.818432692,2.189310221,0.043067951,2.104471506,2.273929279,5.902480582,0.165245738,5.593512427,6.244443921,0.817488575,0.803316459,0.834740689,0.181488575,0.167316459,0.198740689
143,2,127,a,"Yellow-necked field mouse, Apodemus flavicollis",31.6,1.5,35,5,1.5,0.514,0.366993631,0.011630421,0.344619641,0.390262765,1.797142857,0.963026829,1,4,6.069293429,3.895199047,2,16,4.901855106,2.632653529,2.591102817,11.22990184,0.785524672,0.005530798,0.775922876,0.797501117,2.042890366,0.043521198,1.960096091,2.130901697,4.091373498,0.129804953,3.843564215,4.35262481,0.793941029,0.780206583,0.812416441,0.279941029,0.266206583,0.298416441
144,2,128,a,"Wood mouse, Apodemus sylvaticus",21.9,1.34,28,4.7,1.7,0.643,0.405721104,0.013158436,0.380472947,0.431883454,1.989285714,1.080621471,1,5,6.180691429,3.822976791,2,16,4.908251146,2.672429336,2.347314963,12.10488407,0.790774715,0.00722754,0.777834265,0.805973288,2.088169379,0.047117717,1.998822435,2.182923804,4.194483924,0.136240833,3.936247115,4.468123199,0.788452716,0.775379562,0.806690213,0.145452716,0.132379562,0.163690213
145,2,129,a,"Ural field mouse, Apodemus uralensis",18.26,1.262,46,5,1.4,0.435,0.35472292,0.009910249,0.335072776,0.374061803,1.784782609,0.955184446,1,4,6.181544348,4.023804705,2,16,5.035418684,2.699606774,2.694895998,11.5317577,0.780030468,0.004038412,0.77297409,0.788676292,1.997271992,0.036478238,1.925657394,2.069121302,3.949829028,0.110580586,3.742697037,4.178196795,0.793941029,0.780206583,0.812416441,0.358941029,0.345206583,0.377416441
146,2,130,a,"Cape dune mole rat, Bathyergus suillus",777.38,2.891,19,2.7,1.3,0.263,0.553039862,0.02141562,0.510485593,0.594879935,1.5,0.723660477,1,3,3.989832105,2.18264438,2,9,2.716373377,1.31574496,1.693766485,5.705358158,0.700867633,0.006717109,0.691296561,0.716811205,1.685267812,0.037279789,1.612689478,1.759598565,2.35419026,0.091721026,2.185314923,2.546594887,0.701344734,0.692198356,0.719311275,0.438344734,0.429198356,0.456311275
147,2,131,a,"Ethiopian wolf, Canis simensis",14361.86,4.157,12,4.7,1.3,0.333,0.38751668,0.020788222,0.347189923,0.428959834,1.75,0.887412337,1,4,5.720608333,3.54950759,2,15,4.529004652,2.312908122,2.369636068,10.09203025,0.782096011,0.009774421,0.766471479,0.804146911,2.024318081,0.072785871,1.885899735,2.172146344,3.364403456,0.181520361,3.030586774,3.744348307,0.788452716,0.775379562,0.806690213,0.455452716,0.442379562,0.473690213
148,2,132,a,"Roe deer, Capreolus capreolus",22502.01,4.352,33,2.1,1.2,0.155,0.589231603,0.018002063,0.553276198,0.6243747,1.336363636,0.576466955,1,3,3.47415,1.777501995,2,8,2.270102684,0.98218735,1.607633733,5.096949835,0.633676959,0.001788633,0.632442951,0.638824127,1.463520397,0.020122229,1.424068028,1.503540449,2.038459553,0.062546779,1.921922847,2.168898651,0.636139216,0.631222422,0.647276032,0.481139216,0.476222422,0.492276032
149,2,133,a,"North American Beaver, Castor canadensis",18124.41,4.258,9,3.7,1.6,0.556,0.48718976,0.027425308,0.432718173,0.540773161,1.711111111,0.933862803,1,4,4.824843333,2.904287551,2,12,3.523460328,1.936507993,1.874031496,8.43622978,0.769137492,0.014258624,0.744985675,0.800215929,1.970200757,0.07486163,1.825106805,2.119936557,3.294664203,0.187571868,2.95872672,3.697556751,0.761388351,0.749809539,0.779001026,0.205388351,0.193809539,0.223001026
150,2,134,a,"Brazilian guinea pig, Cavia aperea",524.38,2.72,15,3.9,1.3,0.267,0.399479365,0.019980212,0.361142905,0.438914773,1.633333333,0.819891865,1,4,5.278906,3.266105819,2,14,4.098928515,2.070420799,2.307525492,9.358184786,0.748609904,0.004078199,0.744897644,0.759387178,1.805688242,0.053196202,1.705588966,1.912601476,3.262412492,0.163918268,2.961850638,3.599683074,0.769231794,0.757514074,0.786761679,0.502231794,0.490514074,0.519761679
151,2,135,a,"White-toothed shrew, Crocidura russula",9.89,0.995,42,2.3,1,0,0.519119039,0.015301818,0.489854016,0.549775774,1.326190476,0.625474951,1,3,3.719748571,2.097921578,2,9,2.556915739,1.208805708,1.826240509,5.875780171,0.662828613,0.004498254,0.656676412,0.673570397,1.466354432,0.018773511,1.430985697,1.50452557,1.928015458,0.056879822,1.818923364,2.041424521,0.660578652,0.654050319,0.674580414,0.660578652,0.654050319,0.674580414
152,2,136,a,"Asian lesser wihte-toothed shrew, Crocidura shantungensis",9.5,0.978,18,3,1.3,0.277,0.470488514,0.020436228,0.430334859,0.510446426,1.561111111,0.803906581,1,3,4.554257778,2.714938954,2,11,3.324363148,1.719689776,1.976334248,6.977755466,0.711000571,0.002266052,0.709277179,0.717503762,1.658068953,0.038543781,1.583795855,1.734889985,2.768330878,0.120993893,2.546790289,3.020903314,0.725459346,0.714877886,0.744960516,0.448459346,0.437877886,0.467960516
153,2,137,a,"Spotted hyena, Crocuta crocuta",63369.98,4.802,102,2,1.3,0.333,0.57927538,0.00990614,0.559866445,0.598977892,1.369607843,0.644477205,1,3,3.582649608,1.922546002,2,9,2.365038761,1.113782162,1.673948947,5.227634762,0.623150958,0.00254974,0.619166878,0.62902024,1.407800784,0.009817029,1.388760086,1.427529223,2.244839941,0.03842661,2.170363909,2.321982343,0.62291015,0.618881806,0.632377392,0.28991015,0.285881806,0.299377392
154,2,138,a,Dasyurus hallucatus,365.32,2.563,14,5.7,4.3,1,0.62650594,0.017212346,0.592732579,0.659662533,3.471428571,1.696395342,1,7,8.000512857,3.892569,2,16,5.545130158,2.71509191,1.557596376,11.42192293,0.968314941,0.005732927,0.956148474,0.978377675,3.584440427,0.09497928,3.398882912,3.768167692,6.868659167,0.189312148,6.518484508,7.254536286,0.822348589,0.807822751,0.839771486,-0.177651411,-0.192177249,-0.160228514
155,2,139,a,"Spotted-tailed quoll,  Dasyurus maculatus",3284.15,3.516,6,5,1.8,0.667,0.422101618,0.029497675,0.365137614,0.479434769,1.933333333,1.078065007,1,5,5.88137,3.688297656,2,15,4.602911099,2.593637363,2.125770575,11.33196148,0.818100846,0.018900252,0.784305747,0.856714588,2.257882925,0.11797373,2.035628731,2.492454109,4.285468954,0.303330945,3.754421076,4.929648245,0.793941029,0.780206583,0.812416441,0.126941029,0.113206583,0.145416441
156,2,140,a,"Virginia opossum, Didelphis virginiana",2442.08,3.388,64,8.7,1.4,0.406,0.212666253,0.00552948,0.202122989,0.22362615,1.8515625,1.019266389,1,4,9.599644844,7.239017546,2,28,8.712314919,4.803020813,4.510515788,19.43435607,0.807530928,0.002376529,0.80363492,0.812797941,2.114462103,0.036540166,2.045280976,2.18739653,6.587539382,0.171461747,6.260448517,6.926475841,0.832239136,0.82203468,0.845694362,0.426239136,0.41603468,0.439694362
157,2,141,a,"Big brown bat, Eptesicus fuscus",17.49,1.243,26,2,1.5,0.462,0.597350022,0.0198931,0.558270163,0.635795549,1.415384615,0.665462551,1,3,3.625483846,1.915450897,2,9,2.372081394,1.11871492,1.580886862,5.180470064,0.62066247,0.003296441,0.618037716,0.629651788,1.426159147,0.020218735,1.387222453,1.466055912,2.513890608,0.084179821,2.359248978,2.686871165,0.62291015,0.618881806,0.632377392,0.16091015,0.156881806,0.170377392
158,2,142,a,"Western European hedgehog, Erinaceus europaeus",777.95,2.891,5,5,1.4,0.4,0.356616911,0.028671092,0.301893609,0.413377992,1.92,1.055273532,1,4,6.582122,4.325187324,2,18,5.419195244,3.020848595,2.479505707,12.60396122,0.782983309,0.011820624,0.768951548,0.81161646,2.006016129,0.105946309,1.809499291,2.221194363,3.951496532,0.322080897,3.386730857,4.637395298,0.793941029,0.780206583,0.812416441,0.393941029,0.380206583,0.412416441
159,2,143,a,"Domestic cat, Felis catus",2884.8,3.46,92,3.8,1.8,0.554,0.471031139,0.008258419,0.454828967,0.487359242,1.840217391,0.935711798,1,4,5.247300761,3.012111666,2,13,3.907986838,1.988617557,2.06439771,8.575862103,0.767448621,0.004196657,0.759580711,0.776089738,1.964742075,0.02306925,1.919812399,2.010686036,3.822578974,0.067077683,3.693374098,3.957531579,0.765467153,0.753801413,0.783021648,0.211467153,0.199801413,0.229021648
160,2,144,a,"Wolverine, Gulo gulo",12792.49,4.107,43,2.1,1,0,0.571042235,0.015568195,0.540598075,0.601457168,1.339534884,0.571468813,1,3,3.545978837,1.826211029,2,8,2.347519041,1.003916571,1.668607619,5.237064198,0.635463043,0.002922044,0.63245356,0.643050006,1.443374973,0.016973007,1.410704875,1.477049615,1.752488173,0.047879246,1.662628783,1.849803108,0.636139216,0.631222422,0.647276032,0.636139216,0.631222422,0.647276032
161,2,145,a,"Silvery mole rat, Heliophobius argenteocinereus",159.46,2.203,11,3.5,1.1,0.091,0.426992386,0.024852456,0.379074207,0.475392878,1.536363636,0.642117142,1,3,4.805089091,2.720281421,2,12,3.610405602,1.526352407,2.131206484,7.240419577,0.735087503,0.004129414,0.731746477,0.74649307,1.743588603,0.057532003,1.635233918,1.858191794,2.584964958,0.151812089,2.313875642,2.901806509,0.75295129,0.741527225,0.771161009,0.66195129,0.650527225,0.680161009
162,2,146,a,"Striped hyena, Hyaena hyaena",35070.51,4.545,4,2.5,1.5,0.5,0.508748741,0.046647289,0.416248281,0.600836119,1.4,0.62450058,1,3,3.9723075,2.212804299,2,10,2.775548101,1.27060114,1.687416664,6.141004808,0.684372574,0.013827585,0.67532709,0.72455785,1.532860996,0.066618574,1.406924275,1.670223155,2.973801537,0.279442698,2.496521017,3.603618487,0.682402904,0.674467898,0.698698664,0.182402904,0.174467898,0.198698664
163,2,147,a,"Brandt's vole, Lasiopodomys brandtii",40,1.602,27,7.1,1.5,0.458,0.263630308,0.009938205,0.244301549,0.283140731,1.911111111,0.999753241,1,4,8.249327407,5.743346481,2,23,7.259544091,3.810282245,3.587543908,16.10495596,0.802316371,0.004665639,0.794620388,0.812581742,2.112695529,0.0536257,2.009569428,2.21911349,5.697897978,0.215515893,5.297718902,6.139952894,0.824356694,0.810896868,0.840729606,0.366356694,0.352896868,0.382729606
164,2,148,a,Lasiurus borealis,10,1,31,3.1,1.9,0.71,0.53660575,0.015516851,0.506012776,0.567420795,1.774193548,0.909082542,1,4,4.70406129,2.618396069,2,11,3.309100139,1.698985416,1.780530623,7.603131501,0.737628235,0.00727531,0.724689755,0.753387086,1.832629746,0.033673839,1.767154576,1.900474873,3.543745422,0.102831987,3.348484965,3.754845907,0.729912801,0.72015698,0.747234163,0.019912801,0.01015698,0.037234163
165,2,149,a,"Snowshoe hare, Lepus americanus",1568.42,3.195,16,4,1.3,0.25,0.387675886,0.019110204,0.350827735,0.425907991,1.54375,0.757024633,1,3,5.138065625,3.215427261,2,13,3.991789118,1.969851645,2.374597742,8.260147658,0.750683933,0.003458517,0.747706738,0.760240077,1.805022417,0.0521369,1.706357919,1.91123843,3.361506626,0.166569952,3.05230244,3.705522317,0.772681191,0.760906774,0.790213524,0.522681191,0.510906774,0.540213524
166,2,150,a,"African wild dog, Lycaon pictus",21999.9,4.342,6,4.2,1.2,0.167,0.374622239,0.031177785,0.315579276,0.436036836,1.45,0.643558356,1,3,5.0109,3.119556177,2,13,3.897761292,1.767035469,2.324601287,8.383663553,0.758508637,0.007094544,0.752868667,0.778290415,1.829838281,0.09039329,1.663868764,2.012941502,3.225733483,0.272396299,2.752061068,3.802531069,0.77856024,0.766533294,0.796171194,0.61156024,0.599533294,0.629171194
167,2,151,a,"Alpine marmot, Marmota marmota",4059.15,3.608,68,3.5,1.3,0.265,0.445837604,0.010065172,0.425913953,0.465175452,1.625,0.818333194,1,4,4.879405588,2.901025273,2,12,3.646686542,1.838755616,2.160432215,8.836358897,0.73688504,0.002532971,0.732804822,0.742492276,1.786947955,0.023857597,1.740163826,1.833207271,2.917349233,0.066008765,2.794644457,3.052259716,0.75295129,0.741527225,0.771161009,0.48795129,0.476527225,0.506161009
168,2,152,a,"Woodchuck, Marmota monax",3880.93,3.589,26,3.5,1.8,0.631,0.533282443,0.016265722,0.501220128,0.564931894,1.903846154,0.969925152,1,4,5.024321923,2.768549233,2,12,3.573382095,1.824606124,1.789679382,7.681815318,0.776484545,0.009785022,0.758221607,0.796395558,2.0062012,0.042921216,1.922774171,2.090833234,3.378470345,0.103323505,3.186224782,3.591236461,0.75295129,0.741527225,0.771161009,0.12195129,0.110527225,0.140161009
169,2,153,a,"Natal multimammate mouse, Mastomys natalensis",41.85,1.622,36,9.9,1.9,0.67,0.226754742,0.00712554,0.213047915,0.240709892,2.194444444,1.181323444,1,5,10.56247333,7.537516322,2,30,9.687183071,5.226331405,4.220598528,22.48003177,0.838207588,0.005959509,0.827105452,0.850186426,2.436181514,0.057645083,2.326213268,2.549972436,8.387383824,0.263986315,7.893319153,8.918181638,0.829533411,0.822552192,0.840235029,0.159533411,0.152552192,0.170235029
170,2,154,a,"Eurasian badger, Meles meles",11884.03,4.075,174,2,1.4,0.396,0.6045955,0.007661665,0.589426656,0.619299505,1.400574713,0.651170241,1,3,3.56646454,1.864222132,2,8,2.316920739,1.077695216,1.617816275,5.00514217,0.618781341,0.000706975,0.618037782,0.62061093,1.433319355,0.007868448,1.417863175,1.448540077,2.315970012,0.029380921,2.260618631,2.375189493,0.62291015,0.618881806,0.632377392,0.22691015,0.222881806,0.236377392
171,2,155,a,"Gray mouse lemur, Microcebus murinus",69,1.839,26,2,1.7,0.654,0.62823004,0.019228384,0.590352689,0.665610561,1.534615385,0.781242902,1,3,3.78859,2.053874512,2,9,2.445056525,1.247579894,1.511750607,4.992719346,0.619456085,0.001896661,0.618035546,0.624909005,1.458256901,0.020445083,1.418794605,1.498812822,2.708558857,0.083192388,2.554046012,2.879634548,0.62291015,0.618881806,0.632377392,-0.03108985,-0.035118194,-0.021622608
172,2,156,a,"Prairie vole, Microtus ochrogaster",42.5,1.628,9,4.8,1.6,0.556,0.360464993,0.022584183,0.317467351,0.405448944,1.777777778,0.96353313,1,4,6.10607,3.98797514,2,17,4.951356138,2.70689676,2.514980689,12.1287042,0.775670635,0.008279269,0.765525973,0.795764588,1.960652104,0.078888344,1.813838698,2.120997903,4.456220524,0.280579144,3.946242864,5.039888345,0.790368381,0.777065462,0.808710403,0.234368381,0.221065462,0.252710403
173,2,157,a,"Tundra vole, Microtus oeconomus",33.1,1.52,21,5.3,1.6,0.381,0.341690707,0.014059904,0.314332669,0.369298894,1.871428571,0.969851892,1,4,6.621538095,4.26714168,2,17,5.486277752,2.854657331,2.747112183,12.0677352,0.786262379,0.006127571,0.776233144,0.799801025,2.033172502,0.055483576,1.926709027,2.143580719,4.690558078,0.193817468,4.332533965,5.09014862,0.798326421,0.784078284,0.816838526,0.417326421,0.403078284,0.435838526
174,2,158,b,"House mouse, Mus musculus",19.3,1.286,146,4.1,1.4,0.336,0.343339926,0.002833906,0.337859459,0.348984928,1.671280277,0.851564061,1,4,5.983405692,3.888927605,2,16,4.868044848,2.480815132,2.872808286,11.63003018,0.77492859,0.023049386,0.75115487,0.800509922,1.918678411,0.205816558,1.700714692,2.144268019,3.786593063,0.292966324,3.448264366,4.133648314,0.775814265,0.763938768,0.79336959,0.439814265,0.427938768,0.45736959
175,2,158,b,"House mouse, Mus musculus",19.3,1.286,143,5.6,1.2,0.203,0.343339926,0.002833906,0.337859459,0.348984928,1.671280277,0.851564061,1,4,5.983405692,3.888927605,2,16,4.868044848,2.480815132,2.872808286,11.63003018,0.77492859,0.023049386,0.75115487,0.800509922,1.918678411,0.205816558,1.700714692,2.144268019,3.786593063,0.292966324,3.448264366,4.133648314,0.802835535,0.788316329,0.821183322,0.599835535,0.585316329,0.618183322
176,2,159,a,"Ermine, Mustela erminea",284.5,2.454,5,8.4,1.2,0.2,0.224134187,0.020621302,0.185201483,0.266671262,1.84,0.856972268,1,4,9.192582,6.511245884,2,26,8.279682532,3.948894478,3.903258743,17.44440886,0.810569126,0.00977955,0.800439694,0.836102864,2.138471816,0.132617188,1.894845515,2.418726832,5.399792956,0.50281314,4.499922455,6.479429767,0.831830088,0.820898268,0.845897067,0.631830088,0.620898268,0.645897067
177,2,160,a,Myodes rufocanus,38.5,1.585,215,4.2,1.24,0.233,0.372446116,0.005037943,0.362717261,0.382512166,1.588372093,0.801367833,1,4,5.403600186,3.436045062,2,14,4.265483113,2.152997384,2.623168944,10.64274191,0.754486376,0.000815798,0.753217925,0.75637313,1.82172033,0.014537352,1.793787139,1.850907692,3.329949628,0.045032002,3.241726954,3.418640726,0.775136331,0.763846676,0.791677582,0.542136331,0.530846676,0.558677582
178,2,161,a,"Red-backed vole, Myodes rutilus",30,1.477,215,4.3,1.2,0.232,0.356675608,0.004895455,0.347121626,0.366213774,1.553488372,0.768371548,1,3,5.470781349,3.517941517,2,15,4.356286433,2.155697713,2.739043707,8.656440598,0.755759793,0.000447907,0.755238807,0.756872026,1.804522717,0.014343397,1.776666394,1.832601898,3.365035628,0.046204463,3.276774619,3.45700155,0.780916169,0.768711411,0.798623209,0.548916169,0.536711411,0.566623209
179,2,162,a,"Big-eared woodrat, Neotoma macrotis",225.74,2.354,25,2.2,1.2,0.2,0.563553092,0.020180138,0.523796217,0.602712079,1.38,0.635295334,1,3,3.666068,1.967569609,2,9,2.451902557,1.132922573,1.66764376,5.430442194,0.647122053,0.002759212,0.645107377,0.654962379,1.478733864,0.024010873,1.432380433,1.526256614,2.13208918,0.076688212,1.991000415,2.290967289,0.648686292,0.642936941,0.661330209,0.448686292,0.442936941,0.461330209
180,2,163,a,"American mink, Neovison vison",1075,3.031,5,3.6,1.6,0.6,0.46180946,0.038846044,0.385519525,0.538745325,1.52,0.727736944,1,3,4.528392,2.652751019,2,11,3.315161017,1.618274002,1.889648327,7.43060632,0.752045595,0.01484506,0.735426014,0.789312186,1.865125518,0.098507508,1.678670387,2.066987415,3.489643175,0.299592214,2.969863358,4.15024375,0.757188657,0.745702609,0.775005797,0.157188657,0.145702609,0.175005797
181,2,164,b,"White-tailed deer, Odocoileus virginianus",75901.25,4.88,27,2.1,1.3,0.259,0.605496973,0.009777291,0.586282311,0.624933323,1.387037037,0.62228563,1,3,3.533534444,1.812172832,2,8,2.291338957,1.028795211,1.604809593,4.985485135,0.625875895,0.007092253,0.618040278,0.634201937,1.458003798,0.026006278,1.417845031,1.500341237,2.230155007,0.090124225,2.091220755,2.375262235,0.636139216,0.631222422,0.647276032,0.377139216,0.372222422,0.388276032
182,2,164,b,"White-tailed deer, Odocoileus virginianus",75901.25,4.88,27,2,1.4,0.37,0.605496973,0.009777291,0.586282311,0.624933323,1.387037037,0.62228563,1,3,3.533534444,1.812172832,2,8,2.291338957,1.028795211,1.604809593,4.985485135,0.625875895,0.007092253,0.618040278,0.634201937,1.458003798,0.026006278,1.417845031,1.500341237,2.230155007,0.090124225,2.091220755,2.375262235,0.62291015,0.618881806,0.632377392,0.25291015,0.248881806,0.262377392
183,2,165,a,"Mouflon, Ovis aries",39097.89,4.592,80,2,1.7,0.738,0.637008435,0.0110061,0.61553482,0.658750037,1.505,0.738224267,1,3,3.6958395,1.94558895,2,9,2.363311682,1.16013127,1.523842314,4.816704336,0.619473652,0.001343116,0.618040573,0.62294619,1.467456215,0.011853846,1.444601156,1.49114636,2.669521501,0.046148494,2.580645015,2.761825886,0.62291015,0.618881806,0.632377392,-0.11508985,-0.119118194,-0.105622608
184,2,166,a,"Canyon mouse, Peromyscus crinitus",17,1.23,10,3.8,1.2,0.2,0.388680945,0.025109638,0.340413453,0.437788389,1.46,0.75392345,1,4,4.894977,3.171628167,2,13,3.772088853,1.96736042,2.305874442,9.680277365,0.744620557,0.003799133,0.741910257,0.755070771,1.747124524,0.063258755,1.628565996,1.87363722,3.100347002,0.201832901,2.741050314,3.525125075,0.765467153,0.753801413,0.783021648,0.565467153,0.553801413,0.583021648
185,2,167,a,"Guadeloupe racoon, Procyon lotor",6373.72,3.804,8,4,1.9,0.875,0.44812467,0.027143264,0.393974034,0.501605593,1.8875,0.92187028,1,4,5.55197875,3.172299369,2,13,4.227633928,2.084845563,2.040018206,9.158726487,0.771607881,0.013080437,0.750475235,0.801029978,1.977094967,0.079915227,1.821603899,2.138361554,4.255631504,0.260815056,3.787836566,4.822652853,0.772681191,0.760906774,0.790213524,-0.102318809,-0.114093226,-0.084786476
186,2,168,a,"Wild boar, Sus scrofa",169000,5.228,30,4.5,1.1,0.1,0.326279607,0.012666795,0.301772195,0.351614202,1.483333333,0.685362954,1,3,5.627002667,3.685453502,2,15,4.553076507,2.112765061,2.869283509,9.517785525,0.760879913,0.00177617,0.759621863,0.765872043,1.767425834,0.038188709,1.694510838,1.84480775,3.376438758,0.131513236,3.128428817,3.64513371,0.784860548,0.772242373,0.802829441,0.684860548,0.672242373,0.702829441
187,2,169,a,"Eastern chipmunk, Tamias straitus",93.4,1.97,43,2.8,2.5,0.86,0.624258984,0.01336958,0.597889216,0.649894804,1.902325581,0.939937854,1,4,4.619011395,2.389162924,2,10,3.048735766,1.508148438,1.551070547,6.447468724,0.748384127,0.008499916,0.73234366,0.76537323,1.868701876,0.027163971,1.815741593,1.921418809,4.006590401,0.086068627,3.846776411,4.181376637,0.709879757,0.700203046,0.728473216,-0.150120243,-0.159796954,-0.131526784
188,2,170,a,"Red squirrel, Tamiasciurus hudsonicus",200.24,2.302,44,3,2,0.727,0.574930337,0.013126554,0.548607092,0.600148,1.836363636,1.022717288,1,4.024999999,4.661105909,2.69038586,2,11,3.195732395,1.781753307,1.677314245,7.578725982,0.745899349,0.007361545,0.731977534,0.76077785,1.868508116,0.028246814,1.812526225,1.923405356,3.480500628,0.079688637,3.332511312,3.645596329,0.725459346,0.714877886,0.744960516,-0.001540654,-0.012122114,0.017960516
189,2,171,a,"Honey possum, Tarsipes rostratus",9.66,0.985,5,2.4,2,1,0.586345087,0.042855741,0.503332806,0.670037434,1.48,0.727736944,1,3,3.815784,2.087520343,2,9,2.537854785,1.26556859,1.509217083,5.485145475,0.676710286,0.011861801,0.66635141,0.709269937,1.601314327,0.062661486,1.484844679,1.728894508,3.429533493,0.255573219,2.984907853,3.973514101,0.671843565,0.664587514,0.687067138,-0.328156435,-0.335412486,-0.312932862
190,2,172,a,"Large treeshrew, Tupaia tana",182.33,2.261,9,2,1.3,0.333,0.642960911,0.034221494,0.574967339,0.707423907,1.411111111,0.612725482,1,3,3.478362222,1.711763729,2,8,2.201016105,0.964461909,1.425433454,4.714669877,0.623304014,0.006553544,0.618040811,0.641329759,1.474733134,0.037152874,1.403476604,1.547297687,2.02770775,0.109526386,1.837653475,2.260997995,0.62291015,0.618881806,0.632377392,0.28991015,0.285881806,0.299377392
191,2,173,b,"Columbian ground squirrel, Urocitellus columbianus",576,2.76,147,3,1.8,0.578,0.551492206,0.004827148,0.54210623,0.560896501,1.711363636,0.872682895,1,4,4.484129347,2.480888977,2,11,3.103388814,1.582817896,1.787311272,7.252621116,0.722028068,0.0115555,0.707801574,0.737312062,1.772855323,0.046709724,1.712449794,1.835320058,3.354792157,0.095312022,3.217317237,3.495541239,0.725459346,0.714877886,0.744960516,0.147459346,0.136877886,0.166960516
192,2,173,b,"Columbian ground squirrel, Urocitellus columbianus",576,2.76,29,2.8,1.9,0.724,0.551492206,0.004827148,0.54210623,0.560896501,1.711363636,0.872682895,1,4,4.484129347,2.480888977,2,11,3.103388814,1.582817896,1.787311272,7.252621116,0.722028068,0.0115555,0.707801574,0.737312062,1.772855323,0.046709724,1.712449794,1.835320058,3.354792157,0.095312022,3.217317237,3.495541239,0.709879757,0.700203046,0.728473216,-0.014120243,-0.023796954,0.004473216
193,2,174,a,"Richardson's ground squirrel, Urocitellus richardsonii",360,2.556,15,5.7,2.1,0.8,0.387447074,0.016451497,0.355546765,0.420368635,2.246666667,1.290667786,1,5,7.083369333,4.51794413,2,18,5.809137616,3.349438321,2.427533863,13.44364402,0.83037256,0.011297269,0.80910725,0.853483595,2.353122879,0.076415295,2.206998505,2.508126259,5.429906081,0.231483345,4.995615331,5.906396028,0.804617292,0.79007765,0.822864678,0.004617292,-0.00992235,0.022864678
194,2,175,a,"Gray fox, Urocyon cinereoargenteus",3833.71,3.584,7,3.3,1.1,0.143,0.389878292,0.030543408,0.330826613,0.451154785,1.428571429,0.68809161,1,4,4.801412857,3.034731434,2,13,3.686998637,1.805532302,2.249283399,9.443384112,0.734895692,0.013474591,0.723755762,0.77159436,1.601155824,0.061067199,1.486618789,1.7273533,2.838988951,0.226023878,2.438187597,3.325004566,0.743707535,0.732428739,0.762867539,0.600707535,0.589428739,0.619867539
195,2,176,a,"American black bear, Ursus americanus",110500,5.043,5,2.4,1.2,0.2,0.523897628,0.041399096,0.44187117,0.605108664,1.5,0.9000009,1,3,4.125628,2.621402554,2,12,2.881371299,1.749874901,1.672778689,6.508850992,0.673630023,0.010906474,0.666339349,0.705507712,1.513610864,0.055704757,1.407786601,1.627245156,2.305097039,0.185643765,1.983114888,2.715723684,0.671843565,0.664587514,0.687067138,0.471843565,0.464587514,0.487067138
196,2,177,a,"Brown bear, Ursus arctos",196287.5,5.293,69,2,1.1,0.145,0.56362953,0.012641192,0.538959898,0.588079212,1.28115942,0.534945617,1,3,3.435217826,1.77754446,2,8,2.274197746,0.95119992,1.704789047,5.284027312,0.628187403,0.004684156,0.620863174,0.638822582,1.392506282,0.012256017,1.36888782,1.41651006,1.95262001,0.043874154,1.870496317,2.040968176,0.62291015,0.618881806,0.632377392,0.47791015,0.473881806,0.487377392
197,2,178,a,"Arctic fox, Vulpes lagopus",3584.37,3.554,8,5.4,1.1,0.125,0.303297724,0.021466212,0.262317893,0.346485304,1.6875,0.830568849,1,3,6.65185375,4.474802562,2,18,5.591867621,2.787776188,2.941089963,10.98264615,0.778671552,0.004771908,0.774876475,0.79181097,1.910277103,0.082691172,1.756193818,2.080181365,3.645069264,0.259455625,3.174737826,4.193385314,0.799743933,0.785373909,0.818223874,0.674743933,0.660373909,0.693223874
198,2,179,a,"Red fox, Vulpes vulpes",4820.36,3.683,12,3.8,1.8,0.5,0.488833792,0.022856927,0.444430489,0.53288748,1.916666667,0.890537038,1,4,5.327365833,2.850823136,2,12,3.929530735,1.837140357,1.912666427,8.350345392,0.777695727,0.012782295,0.755193654,0.804260799,2.015765331,0.065207043,1.891518486,2.143819918,3.690341908,0.173820442,3.377823778,4.050127174,0.765467153,0.753801413,0.783021648,0.265467153,0.253801413,0.283021648
199,2,180,a,"Round-tailed ground squirrel, Xerospermophilus tereticaudus",163.3,2.213,31,4.1,2.5,0.548,0.561713208,0.01425083,0.533860464,0.589342493,2.229032258,1.167764401,1,5,5.621488065,3.052707489,2,13,3.970835711,2.083398863,1.717985463,8.913895748,0.850340095,0.009921311,0.830943522,0.869536028,2.384362996,0.049287353,2.288955237,2.480849954,4.453542223,0.113305494,4.242015518,4.682871589,0.775814265,0.763938768,0.79336959,0.227814265,0.215938768,0.24536959